date,year,month,product,product_name,product_category,sales,quantity,price,cost,profit,customer,discount
2023-01-01,2023,1,PROD-0552,Product 0,Food,6632.19,12,785.98,2853.39,2578.48,CUST-3600,1
2023-01-02,2023,1,PROD-0650,Product 1,Food,2591.29,6,824.23,3924.04,640.9,CUST-4260,2
2023-01-03,2023,1,PROD-0793,Product 2,Home,8867.17,10,683.73,2917.2,-181.58,CUST-4773,3
2023-01-04,2023,1,PROD-0163,Product 3,Home,9204.33,18,463.2,576.33,4554.62,CUST-3343,4
2023-01-05,2023,1,PROD-0585,Product 4,Sports,3298.24,1,457.99,4721.19,2811.62,CUST-0573,5
2023-01-06,2023,1,PROD-0966,Product 5,Clothing,5101.97,16,694.62,1488.05,571.43,CUST-2788,6
2023-01-07,2023,1,PROD-0190,Product 6,Clothing,5783.17,1,701.1,3138.07,3683.32,CUST-3770,7
2023-01-08,2023,1,PROD-0788,Product 7,Electronics,4309.78,18,241.83,3693.48,4809.52,CUST-4194,8
2023-01-09,2023,1,PROD-0323,Product 8,Electronics,7637.33,15,483.43,2086.76,1059.72,CUST-1662,9
2023-01-10,2023,1,PROD-0079,Product 9,Electronics,3117.63,15,575.56,1062.94,3388.05,CUST-3610,10
2023-01-11,2023,1,PROD-0466,Product 10,Sports,9552.23,1,988.04,3988.47,3998.92,CUST-2917,11
2023-01-12,2023,1,PROD-0492,Product 11,Electronics,4035.03,5,609.65,761.99,3193.78,CUST-3409,12
2023-01-13,2023,1,PROD-0173,Product 12,Home,6907.54,3,475.78,2667.88,964.41,CUST-1765,13
2023-01-14,2023,1,PROD-0357,Product 13,Electronics,2809.39,19,361.11,2282.5,3496.51,CUST-0208,14
2023-01-15,2023,1,PROD-0011,Product 14,Clothing,409.44,5,968.14,4553.52,3432.71,CUST-4755,15
2023-01-16,2023,1,PROD-0229,Product 15,Clothing,5805.14,1,272.82,270.39,2381.43,CUST-1502,16
2023-01-17,2023,1,PROD-0424,Product 16,Sports,743.12,17,111.25,1394.57,3384.43,CUST-4240,17
2023-01-18,2023,1,PROD-0263,Product 17,Food,9532.03,6,665.92,4192.12,1969.61,CUST-0743,18
2023-01-19,2023,1,PROD-0918,Product 18,Food,8345.67,13,169.6,2151.5,4194.92,CUST-1702,19
2023-01-20,2023,1,PROD-0612,Product 19,Food,7658.18,11,515.97,3424.98,274.45,CUST-3573,20
2023-01-21,2023,1,PROD-0629,Product 20,Food,109.94,13,872.17,4877.97,2850.58,CUST-0106,21
2023-01-22,2023,1,PROD-0452,Product 21,Clothing,1003.01,5,245.35,1871.41,3640.52,CUST-3380,22
2023-01-23,2023,1,PROD-0391,Product 22,Electronics,3388.2,2,370.09,625.66,3177.99,CUST-4915,23
2023-01-24,2023,1,PROD-0466,Product 23,Home,9394.07,9,113.01,4233.06,1071.6,CUST-0158,24
2023-01-25,2023,1,PROD-0694,Product 24,Electronics,5513.13,14,441.6,3198.09,1582.56,CUST-1395,25
2023-01-26,2023,1,PROD-0089,Product 25,Electronics,1797.31,11,149.64,2018.18,-484.03,CUST-3658,26
2023-01-27,2023,1,PROD-0935,Product 26,Sports,9680.63,2,262.27,4377.56,2907.53,CUST-4361,27
2023-01-28,2023,1,PROD-0199,Product 27,Food,9346.2,1,472.11,3387.97,4833.84,CUST-0941,28
2023-01-29,2023,1,PROD-0208,Product 28,Food,5643.29,7,936.64,139.44,641.12,CUST-3452,29
2023-01-30,2023,1,PROD-0929,Product 29,Sports,6250.01,4,114.71,2706.91,2097.89,CUST-3625,30
2023-01-31,2023,1,PROD-0740,Product 30,Clothing,8458.3,5,419.31,352.11,3966.7,CUST-3322,31
2023-02-01,2023,2,PROD-0681,Product 31,Clothing,4471.92,8,814.03,379.88,1719.09,CUST-0036,32
2023-02-02,2023,2,PROD-0473,Product 32,Food,3456.2,17,615.81,3003.58,4762.88,CUST-1583,33
2023-02-03,2023,2,PROD-0539,Product 33,Clothing,5394.25,2,715.19,3378.29,2478.78,CUST-1760,34
2023-02-04,2023,2,PROD-0938,Product 34,Food,1184.25,14,982.22,4142.12,2435.2,CUST-1857,35
2023-02-05,2023,2,PROD-0168,Product 35,Food,1270.71,9,623.38,1447.23,3117.59,CUST-0014,36
2023-02-06,2023,2,PROD-0835,Product 36,Home,3335.64,8,636.27,823.53,3894.24,CUST-3224,37
2023-02-07,2023,2,PROD-0642,Product 37,Food,1946.78,11,192.53,2710.99,450.53,CUST-3618,38
2023-02-08,2023,2,PROD-0743,Product 38,Clothing,9246.82,19,570.1,3905.83,4001.84,CUST-1934,39
2023-02-09,2023,2,PROD-0551,Product 39,Food,5354.69,6,117.27,4279.76,2225.61,CUST-1785,40
2023-02-10,2023,2,PROD-0905,Product 40,Food,4474.29,10,913.27,425.03,3717.74,CUST-4004,41
2023-02-11,2023,2,PROD-0570,Product 41,Electronics,4780.53,15,571.79,337.77,1297.26,CUST-1260,42
2023-02-12,2023,2,PROD-0148,Product 42,Electronics,354.8,19,205.57,2452.66,1775.89,CUST-4322,43
2023-02-13,2023,2,PROD-0981,Product 43,Home,2214.99,11,949.12,2399.69,1197.5,CUST-1271,44
2023-02-14,2023,2,PROD-0560,Product 44,Food,2266.92,19,154.57,736.32,2139.38,CUST-1949,45
2023-02-15,2023,2,PROD-0039,Product 45,Food,9068.3,3,881.53,2334.07,1643.92,CUST-2336,46
2023-02-16,2023,2,PROD-0981,Product 46,Electronics,2386.58,4,196.09,3986.31,1978.45,CUST-4368,47
2023-02-17,2023,2,PROD-0916,Product 47,Clothing,8310.01,2,776.41,4418.9,1078.17,CUST-4821,48
2023-02-18,2023,2,PROD-0760,Product 48,Clothing,4921.02,10,931.45,4042.41,3736.89,CUST-0855,49
2023-02-19,2023,2,PROD-0286,Product 49,Electronics,7071.79,17,47.44,1102.83,1847.31,CUST-2032,50
2023-02-20,2023,2,PROD-0697,Product 50,Clothing,9703.57,3,367.72,2205.37,4279.5,CUST-2882,51
2023-02-21,2023,2,PROD-0426,Product 51,Home,8450.83,19,588.87,1589.6,914.81,CUST-4097,52
2023-02-22,2023,2,PROD-0954,Product 52,Sports,6298.57,14,565.97,108.97,-282.14,CUST-2327,53
2023-02-23,2023,2,PROD-0278,Product 53,Food,9574.09,14,745.4,3566.34,2952.98,CUST-1117,54
2023-02-24,2023,2,PROD-0390,Product 54,Sports,2734.5,3,399.04,4581.55,2814.09,CUST-1711,55
2023-02-25,2023,2,PROD-0952,Product 55,Home,8865.08,6,682.31,2306.0,526.65,CUST-4214,56
2023-02-26,2023,2,PROD-0279,Product 56,Sports,1721.0,6,771.22,359.76,4995.4,CUST-2753,57
2023-02-27,2023,2,PROD-0168,Product 57,Home,3271.64,8,631.68,1542.0,3720.73,CUST-2483,58
2023-02-28,2023,2,PROD-0155,Product 58,Home,8264.67,8,640.48,4682.29,2969.27,CUST-0417,59
2023-03-01,2023,3,PROD-0266,Product 59,Clothing,1999.85,18,94.83,4491.29,-128.2,CUST-4378,60
2023-03-02,2023,3,PROD-0685,Product 60,Electronics,3205.32,2,106.08,4983.37,837.79,CUST-2797,61
2023-03-03,2023,3,PROD-0576,Product 61,Electronics,8812.33,2,53.79,4517.3,2473.71,CUST-4159,62
2023-03-04,2023,3,PROD-0586,Product 62,Electronics,5147.79,14,717.54,3893.13,1954.12,CUST-2939,63
2023-03-05,2023,3,PROD-0928,Product 63,Clothing,6170.2,2,569.92,1129.83,2933.07,CUST-1983,64
2023-03-06,2023,3,PROD-0124,Product 64,Food,6385.2,1,714.18,3439.71,966.52,CUST-0679,65
2023-03-07,2023,3,PROD-0272,Product 65,Electronics,4057.81,7,793.96,4497.45,3359.97,CUST-0222,66
2023-03-08,2023,3,PROD-0148,Product 66,Sports,6161.78,19,523.61,4918.26,416.03,CUST-3603,67
2023-03-09,2023,3,PROD-0383,Product 67,Clothing,3651.95,6,655.74,356.22,4228.95,CUST-2459,68
2023-03-10,2023,3,PROD-0370,Product 68,Food,858.46,17,273.56,2502.7,921.51,CUST-0183,69
2023-03-11,2023,3,PROD-0977,Product 69,Home,687.91,14,999.91,506.57,3689.8,CUST-0677,70
2023-03-12,2023,3,PROD-0918,Product 70,Sports,9243.42,8,898.13,1533.43,3153.06,CUST-3103,71
2023-03-13,2023,3,PROD-0644,Product 71,Food,4013.48,2,965.32,4934.17,4828.88,CUST-4570,72
2023-03-14,2023,3,PROD-0472,Product 72,Sports,7700.64,16,35.01,1517.54,706.0,CUST-3814,73
2023-03-15,2023,3,PROD-0289,Product 73,Food,4799.0,6,473.88,4165.38,473.43,CUST-4351,74
2023-03-16,2023,3,PROD-0553,Product 74,Sports,5056.67,16,231.74,3908.89,4144.12,CUST-2960,75
2023-03-17,2023,3,PROD-0738,Product 75,Clothing,6227.92,14,687.75,283.84,253.67,CUST-1512,76
2023-03-18,2023,3,PROD-0347,Product 76,Food,2782.54,15,879.11,3414.0,159.02,CUST-0598,77
2023-03-19,2023,3,PROD-0693,Product 77,Sports,7972.6,2,759.84,3162.22,1224.03,CUST-3218,78
2023-03-20,2023,3,PROD-0740,Product 78,Home,7160.04,6,318.74,1405.61,1371.19,CUST-4277,79
2023-03-21,2023,3,PROD-0599,Product 79,Food,7770.16,4,402.29,4394.53,1071.28,CUST-0422,80
2023-03-22,2023,3,PROD-0223,Product 80,Sports,6014.66,13,410.84,1402.59,4776.37,CUST-1131,81
2023-03-23,2023,3,PROD-0810,Product 81,Clothing,3726.78,17,719.92,1287.89,1226.64,CUST-3005,82
2023-03-24,2023,3,PROD-0502,Product 82,Home,7040.32,12,236.59,1964.37,3837.18,CUST-3072,83
2023-03-25,2023,3,PROD-0713,Product 83,Sports,2486.34,18,822.44,1812.73,1453.43,CUST-0816,84
2023-03-26,2023,3,PROD-0357,Product 84,Clothing,7949.91,5,189.73,2194.49,-434.14,CUST-1281,85
2023-03-27,2023,3,PROD-0639,Product 85,Food,3438.64,16,424.46,4360.87,-327.86,CUST-1542,86
2023-03-28,2023,3,PROD-0874,Product 86,Sports,7651.44,17,114.28,4717.38,956.13,CUST-4023,87
2023-03-29,2023,3,PROD-0672,Product 87,Clothing,727.39,18,931.61,797.59,4314.25,CUST-3208,88
2023-03-30,2023,3,PROD-0251,Product 88,Electronics,4538.61,2,851.02,2065.28,3605.1,CUST-0635,89
2023-03-31,2023,3,PROD-0379,Product 89,Electronics,7327.98,7,89.83,1607.21,251.44,CUST-1345,90
2023-04-01,2023,4,PROD-0883,Product 90,Electronics,579.71,16,325.82,1211.65,-433.33,CUST-4891,91
2023-04-02,2023,4,PROD-0576,Product 91,Home,7099.21,15,98.75,3907.09,3578.0,CUST-4617,92
2023-04-03,2023,4,PROD-0465,Product 92,Food,484.34,19,156.3,212.31,4454.75,CUST-4081,93
2023-04-04,2023,4,PROD-0566,Product 93,Clothing,651.79,4,417.58,1844.37,-409.08,CUST-1604,94
2023-04-05,2023,4,PROD-0525,Product 94,Home,2647.73,5,330.12,946.15,663.21,CUST-1888,95
2023-04-06,2023,4,PROD-0108,Product 95,Home,2431.34,12,253.28,2040.86,4921.45,CUST-3426,96
2023-04-07,2023,4,PROD-0712,Product 96,Sports,6802.93,13,185.45,4822.38,4231.43,CUST-4912,97
2023-04-08,2023,4,PROD-0412,Product 97,Home,726.81,19,839.38,1086.73,4872.08,CUST-0114,98
2023-04-09,2023,4,PROD-0233,Product 98,Electronics,6848.39,8,870.87,2876.93,-84.71,CUST-4748,99
2023-04-10,2023,4,PROD-0272,Product 99,Sports,4241.02,6,584.35,313.87,-226.86,CUST-1830,100
2023-04-11,2023,4,PROD-0656,Product 100,Sports,9511.37,15,248.02,1256.45,3660.78,CUST-4014,101
2023-04-12,2023,4,PROD-0152,Product 101,Clothing,1220.55,13,597.48,2950.23,1947.86,CUST-0350,102
2023-04-13,2023,4,PROD-0251,Product 102,Clothing,8360.02,1,948.35,3929.32,515.74,CUST-1010,103
2023-04-14,2023,4,PROD-0574,Product 103,Clothing,3786.27,3,907.41,2462.31,3350.09,CUST-4563,104
2023-04-15,2023,4,PROD-0787,Product 104,Home,5627.37,9,411.24,3604.86,2961.08,CUST-2021,105
2023-04-16,2023,4,PROD-0700,Product 105,Electronics,2490.31,18,245.47,1485.65,4782.65,CUST-4345,106
2023-04-17,2023,4,PROD-0158,Product 106,Sports,9484.66,11,212.67,2135.94,3575.63,CUST-1334,107
2023-04-18,2023,4,PROD-0199,Product 107,Sports,3269.88,8,767.93,1924.99,2288.03,CUST-4361,108
2023-04-19,2023,4,PROD-0166,Product 108,Electronics,6750.57,11,249.21,1299.62,3732.78,CUST-0759,109
2023-04-20,2023,4,PROD-0502,Product 109,Electronics,2413.06,2,604.11,71.64,2277.28,CUST-3935,110
2023-04-21,2023,4,PROD-0830,Product 110,Home,1196.22,4,734.76,2581.96,992.58,CUST-0603,111
2023-04-22,2023,4,PROD-0630,Product 111,Food,4370.26,7,288.61,2409.0,4238.11,CUST-3065,112
2023-04-23,2023,4,PROD-0335,Product 112,Clothing,3332.47,5,19.14,2196.64,3111.58,CUST-4762,113
2023-04-24,2023,4,PROD-0848,Product 113,Sports,5189.36,8,577.68,1985.75,2659.63,CUST-1234,114
2023-04-25,2023,4,PROD-0581,Product 114,Sports,589.9,13,15.88,3221.45,3204.68,CUST-0933,115
2023-04-26,2023,4,PROD-0409,Product 115,Clothing,3898.26,11,263.58,2658.91,2920.37,CUST-4521,116
2023-04-27,2023,4,PROD-0250,Product 116,Home,6960.94,9,753.46,1704.78,471.28,CUST-0566,117
2023-04-28,2023,4,PROD-0830,Product 117,Sports,2466.22,4,727.57,3824.97,3384.44,CUST-3410,118
2023-04-29,2023,4,PROD-0507,Product 118,Electronics,9194.25,12,173.36,4220.27,4998.52,CUST-2520,119
2023-04-30,2023,4,PROD-0816,Product 119,Home,9570.23,15,742.92,3605.19,2253.34,CUST-2790,120
2023-05-01,2023,5,PROD-0343,Product 120,Clothing,4807.58,19,313.82,2545.15,3359.02,CUST-2287,121
2023-05-02,2023,5,PROD-0687,Product 121,Sports,5372.27,10,389.67,597.1,4409.5,CUST-0786,122
2023-05-03,2023,5,PROD-0096,Product 122,Electronics,7948.35,15,474.26,2341.78,3586.46,CUST-2776,123
2023-05-04,2023,5,PROD-0567,Product 123,Home,3408.19,2,354.94,1823.99,3222.08,CUST-0343,124
2023-05-05,2023,5,PROD-0839,Product 124,Sports,4995.3,1,237.96,4506.27,-302.52,CUST-3448,125
2023-05-06,2023,5,PROD-0638,Product 125,Clothing,5716.44,12,284.42,127.65,4625.82,CUST-3082,126
2023-05-07,2023,5,PROD-0050,Product 126,Sports,9078.81,11,453.45,2045.59,2335.93,CUST-3299,127
2023-05-08,2023,5,PROD-0219,Product 127,Sports,4919.59,7,93.29,473.39,361.0,CUST-2660,128
2023-05-09,2023,5,PROD-0986,Product 128,Home,8008.36,16,725.31,4190.42,4612.97,CUST-0056,129
2023-05-10,2023,5,PROD-0008,Product 129,Electronics,7581.03,18,414.7,2537.93,4728.58,CUST-4148,130
2023-05-11,2023,5,PROD-0873,Product 130,Electronics,266.7,8,489.51,4368.71,1902.18,CUST-3956,131
2023-05-12,2023,5,PROD-0015,Product 131,Home,6780.87,19,252.76,3070.09,-9.15,CUST-4437,132
2023-05-13,2023,5,PROD-0079,Product 132,Food,6016.75,9,919.68,2088.03,4251.08,CUST-4837,133
2023-05-14,2023,5,PROD-0814,Product 133,Electronics,9039.87,14,20.14,3277.24,2024.41,CUST-4111,134
2023-05-15,2023,5,PROD-0935,Product 134,Clothing,6295.46,18,503.73,1221.66,1144.9,CUST-0522,135
2023-05-16,2023,5,PROD-0489,Product 135,Food,8668.45,1,91.41,213.17,4103.46,CUST-2102,136
2023-05-17,2023,5,PROD-0448,Product 136,Electronics,9081.67,10,840.88,2559.29,2405.06,CUST-1745,137
2023-05-18,2023,5,PROD-0559,Product 137,Clothing,2712.12,9,641.59,4435.24,3754.52,CUST-0609,138
2023-05-19,2023,5,PROD-0526,Product 138,Sports,5132.79,11,456.77,708.99,1607.37,CUST-4236,139
2023-05-20,2023,5,PROD-0910,Product 139,Home,8532.51,11,327.28,2008.97,1194.89,CUST-2985,140
2023-05-21,2023,5,PROD-0459,Product 140,Electronics,4353.67,9,454.14,341.33,4154.05,CUST-1542,141
2023-05-22,2023,5,PROD-0144,Product 141,Electronics,3712.56,4,996.47,1007.21,1717.68,CUST-4607,142
2023-05-23,2023,5,PROD-0429,Product 142,Clothing,6563.18,10,92.16,3677.76,2175.46,CUST-4867,143
2023-05-24,2023,5,PROD-0102,Product 143,Sports,8601.43,4,47.82,2392.74,4707.9,CUST-1844,144
2023-05-25,2023,5,PROD-0967,Product 144,Clothing,709.66,6,803.25,3247.57,3365.02,CUST-2919,145
2023-05-26,2023,5,PROD-0858,Product 145,Home,9265.38,16,74.14,2791.84,4591.93,CUST-3853,146
2023-05-27,2023,5,PROD-0720,Product 146,Sports,6634.97,1,699.51,4236.54,1781.75,CUST-1878,147
2023-05-28,2023,5,PROD-0049,Product 147,Food,1449.17,14,575.53,3078.44,2382.26,CUST-4006,148
2023-05-29,2023,5,PROD-0877,Product 148,Home,5429.8,17,433.12,593.81,284.91,CUST-2986,149
2023-05-30,2023,5,PROD-0443,Product 149,Sports,687.84,9,57.85,4110.34,3028.15,CUST-4073,150
2023-05-31,2023,5,PROD-0718,Product 150,Sports,2310.36,3,582.15,880.99,34.97,CUST-4723,151
2023-06-01,2023,6,PROD-0238,Product 151,Clothing,8450.1,11,796.96,3373.11,3088.42,CUST-1132,152
2023-06-02,2023,6,PROD-0961,Product 152,Sports,6633.64,10,813.93,2053.19,244.02,CUST-1820,153
2023-06-03,2023,6,PROD-0861,Product 153,Electronics,6224.56,15,817.26,2626.58,3881.61,CUST-4800,154
2023-06-04,2023,6,PROD-0121,Product 154,Electronics,2263.41,19,543.76,631.52,1150.58,CUST-4155,155
2023-06-05,2023,6,PROD-0422,Product 155,Home,8290.19,7,494.12,1680.93,2898.47,CUST-4446,156
2023-06-06,2023,6,PROD-0593,Product 156,Electronics,4843.94,1,118.93,2851.31,2762.16,CUST-4704,157
2023-06-07,2023,6,PROD-0801,Product 157,Food,7989.23,4,132.16,4088.45,1342.49,CUST-1506,158
2023-06-08,2023,6,PROD-0054,Product 158,Electronics,7072.81,9,224.61,1538.9,739.53,CUST-4122,159
2023-06-09,2023,6,PROD-0576,Product 159,Sports,9930.16,14,709.01,2483.54,3766.28,CUST-2444,160
2023-06-10,2023,6,PROD-0535,Product 160,Sports,7248.71,5,718.61,1958.01,2134.37,CUST-0502,161
2023-06-11,2023,6,PROD-0012,Product 161,Sports,1202.81,2,32.15,1028.82,3218.66,CUST-4737,162
2023-06-12,2023,6,PROD-0246,Product 162,Food,1181.92,6,452.02,3016.72,297.01,CUST-4082,163
2023-06-13,2023,6,PROD-0892,Product 163,Sports,6884.55,11,27.32,4317.07,2953.17,CUST-1129,164
2023-06-14,2023,6,PROD-0062,Product 164,Clothing,9246.16,5,993.01,2080.53,2705.39,CUST-3473,165
2023-06-15,2023,6,PROD-0632,Product 165,Food,5919.62,11,222.05,2599.06,3359.3,CUST-1809,166
2023-06-16,2023,6,PROD-0433,Product 166,Electronics,9476.1,15,129.33,4603.45,4438.57,CUST-4124,167
2023-06-17,2023,6,PROD-0035,Product 167,Sports,2053.19,10,223.09,2533.53,2855.51,CUST-0189,168
2023-06-18,2023,6,PROD-0216,Product 168,Food,3781.13,15,214.27,2474.38,4759.72,CUST-4899,169
2023-06-19,2023,6,PROD-0856,Product 169,Clothing,7263.71,6,207.23,995.06,1825.68,CUST-4188,170
2023-06-20,2023,6,PROD-0256,Product 170,Food,6712.46,14,536.46,659.8,364.08,CUST-3308,171
2023-06-21,2023,6,PROD-0258,Product 171,Food,5951.76,16,34.58,321.74,4566.1,CUST-0809,172
2023-06-22,2023,6,PROD-0818,Product 172,Food,9794.79,11,403.16,4245.29,4559.53,CUST-3459,173
2023-06-23,2023,6,PROD-0813,Product 173,Home,2716.55,17,166.93,4403.08,3475.95,CUST-0110,174
2023-06-24,2023,6,PROD-0136,Product 174,Home,5541.47,15,955.98,4551.3,1309.14,CUST-3710,175
2023-06-25,2023,6,PROD-0116,Product 175,Home,4952.26,18,363.33,817.95,3489.29,CUST-0323,176
2023-06-26,2023,6,PROD-0265,Product 176,Food,9507.95,5,242.71,2828.32,2711.87,CUST-4564,177
2023-06-27,2023,6,PROD-0641,Product 177,Sports,4296.93,5,342.66,4177.94,3213.4,CUST-4387,178
2023-06-28,2023,6,PROD-0652,Product 178,Food,926.56,14,833.72,177.75,4735.9,CUST-1708,179
2023-06-29,2023,6,PROD-0515,Product 179,Food,9741.57,8,370.62,4998.01,4840.52,CUST-0720,180
2023-06-30,2023,6,PROD-0531,Product 180,Food,9854.32,4,538.42,1727.74,2553.67,CUST-2707,181
2023-07-01,2023,7,PROD-0864,Product 181,Clothing,2490.78,4,355.5,2622.22,1577.73,CUST-1416,182
2023-07-02,2023,7,PROD-0772,Product 182,Sports,9081.77,7,404.11,4469.4,349.99,CUST-2990,183
2023-07-03,2023,7,PROD-0585,Product 183,Home,6635.34,16,647.07,860.72,4564.19,CUST-0132,184
2023-07-04,2023,7,PROD-0311,Product 184,Clothing,9096.32,18,545.7,1927.98,-20.28,CUST-4206,185
2023-07-05,2023,7,PROD-0367,Product 185,Food,993.17,9,315.1,2322.64,1380.61,CUST-2382,186
2023-07-06,2023,7,PROD-0244,Product 186,Clothing,3252.89,6,191.02,2430.42,-430.24,CUST-0564,187
2023-07-07,2023,7,PROD-0700,Product 187,Home,8451.93,6,265.58,730.71,1273.63,CUST-2078,188
2023-07-08,2023,7,PROD-0248,Product 188,Clothing,3160.36,19,813.23,3270.42,112.63,CUST-3567,189
2023-07-09,2023,7,PROD-0565,Product 189,Sports,2152.79,3,352.76,4995.15,3803.4,CUST-4775,190
2023-07-10,2023,7,PROD-0684,Product 190,Electronics,9965.91,2,322.97,3806.98,3974.62,CUST-3248,191
2023-07-11,2023,7,PROD-0813,Product 191,Sports,1612.93,11,197.29,3741.02,3425.72,CUST-2872,192
2023-07-12,2023,7,PROD-0249,Product 192,Sports,9736.47,8,493.78,2022.83,1258.3,CUST-2521,193
2023-07-13,2023,7,PROD-0720,Product 193,Sports,7795.55,4,498.42,3624.3,840.04,CUST-0737,194
2023-07-14,2023,7,PROD-0297,Product 194,Clothing,1226.53,13,996.69,4281.58,2733.91,CUST-2839,195
2023-07-15,2023,7,PROD-0246,Product 195,Sports,1828.83,19,284.32,3529.1,3908.16,CUST-3049,196
2023-07-16,2023,7,PROD-0233,Product 196,Electronics,9865.67,8,905.18,3117.73,4172.54,CUST-2093,197
2023-07-17,2023,7,PROD-0068,Product 197,Food,513.37,10,920.41,1560.16,4787.41,CUST-2679,198
2023-07-18,2023,7,PROD-0836,Product 198,Food,1366.77,3,685.95,4892.53,3492.47,CUST-3621,199
2023-07-19,2023,7,PROD-0006,Product 199,Home,9813.72,18,492.77,3562.74,1282.29,CUST-4250,200
2023-07-20,2023,7,PROD-0348,Product 200,Sports,6187.03,9,77.62,4971.36,-147.17,CUST-0873,201
2023-07-21,2023,7,PROD-0060,Product 201,Electronics,5892.35,14,704.72,357.54,-393.84,CUST-3469,202
2023-07-22,2023,7,PROD-0285,Product 202,Food,8063.98,16,384.1,3452.21,1077.21,CUST-3897,203
2023-07-23,2023,7,PROD-0613,Product 203,Clothing,7635.59,15,428.36,3959.05,691.32,CUST-3084,204
2023-07-24,2023,7,PROD-0636,Product 204,Electronics,9150.58,10,432.96,1500.64,4356.79,CUST-2109,205
2023-07-25,2023,7,PROD-0480,Product 205,Home,9681.45,17,945.34,2608.27,2445.32,CUST-2354,206
2023-07-26,2023,7,PROD-0452,Product 206,Food,634.72,14,799.46,3712.83,-153.97,CUST-2001,207
2023-07-27,2023,7,PROD-0585,Product 207,Clothing,5281.5,1,635.3,2160.66,4286.49,CUST-1061,208
2023-07-28,2023,7,PROD-0733,Product 208,Electronics,2371.96,5,992.21,1629.51,4022.17,CUST-4450,209
2023-07-29,2023,7,PROD-0916,Product 209,Sports,7869.02,5,223.65,1170.12,4417.91,CUST-2346,210
2023-07-30,2023,7,PROD-0039,Product 210,Electronics,402.96,10,699.06,2303.19,1564.87,CUST-4114,211
2023-07-31,2023,7,PROD-0188,Product 211,Electronics,3154.34,2,470.64,4943.14,3074.33,CUST-3281,212
2023-08-01,2023,8,PROD-0659,Product 212,Sports,3803.14,16,656.98,2495.32,3249.51,CUST-1514,213
2023-08-02,2023,8,PROD-0255,Product 213,Sports,7035.99,2,464.45,3677.75,4487.14,CUST-1558,214
2023-08-03,2023,8,PROD-0461,Product 214,Home,2701.81,16,517.53,1283.68,2319.55,CUST-3676,215
2023-08-04,2023,8,PROD-0821,Product 215,Food,817.0,5,290.76,3787.67,1795.28,CUST-3365,216
2023-08-05,2023,8,PROD-0791,Product 216,Food,5022.57,12,330.21,1257.46,1535.37,CUST-3581,217
2023-08-06,2023,8,PROD-0925,Product 217,Sports,6362.0,5,423.86,2501.67,4640.82,CUST-2472,218
2023-08-07,2023,8,PROD-0142,Product 218,Clothing,4459.81,15,307.13,1937.78,837.8,CUST-2799,219
2023-08-08,2023,8,PROD-0212,Product 219,Sports,6095.44,7,13.59,4406.86,1035.87,CUST-1467,220
2023-08-09,2023,8,PROD-0418,Product 220,Sports,6248.36,1,922.36,4591.65,3244.74,CUST-0474,221
2023-08-10,2023,8,PROD-0814,Product 221,Sports,646.1,4,519.76,976.89,2373.76,CUST-0211,222
2023-08-11,2023,8,PROD-0966,Product 222,Food,878.8,10,984.75,4596.62,1355.18,CUST-1406,223
2023-08-12,2023,8,PROD-0425,Product 223,Home,5026.75,10,358.77,2387.51,1999.82,CUST-2823,224
2023-08-13,2023,8,PROD-0222,Product 224,Sports,1693.06,11,451.44,1528.89,811.53,CUST-1351,225
2023-08-14,2023,8,PROD-0153,Product 225,Food,142.92,5,876.34,2514.23,2648.83,CUST-0327,226
2023-08-15,2023,8,PROD-0840,Product 226,Sports,5075.29,17,727.59,364.79,-168.24,CUST-4847,227
2023-08-16,2023,8,PROD-0353,Product 227,Food,6782.52,13,587.97,1941.41,361.1,CUST-3086,228
2023-08-17,2023,8,PROD-0087,Product 228,Food,6717.87,16,343.2,3528.31,4277.26,CUST-1684,229
2023-08-18,2023,8,PROD-0094,Product 229,Sports,540.59,8,760.93,2300.73,401.03,CUST-4979,230
2023-08-19,2023,8,PROD-0358,Product 230,Electronics,9946.21,5,335.45,1032.32,3013.69,CUST-1285,231
2023-08-20,2023,8,PROD-0834,Product 231,Sports,2809.1,13,416.22,3335.95,3383.49,CUST-1821,232
2023-08-21,2023,8,PROD-0300,Product 232,Sports,5091.08,15,576.42,3721.56,3058.23,CUST-1486,233
2023-08-22,2023,8,PROD-0342,Product 233,Electronics,9259.56,19,983.99,1648.33,1065.36,CUST-2058,234
2023-08-23,2023,8,PROD-0465,Product 234,Home,5403.06,18,312.08,1364.28,4283.57,CUST-3755,235
2023-08-24,2023,8,PROD-0120,Product 235,Food,1021.46,8,31.08,550.27,4154.01,CUST-1445,236
2023-08-25,2023,8,PROD-0565,Product 236,Food,8713.52,2,523.12,1232.6,2227.68,CUST-2984,237
2023-08-26,2023,8,PROD-0521,Product 237,Clothing,9702.19,9,610.45,4504.7,1068.08,CUST-4202,238
2023-08-27,2023,8,PROD-0729,Product 238,Sports,8479.15,12,911.4,4827.42,609.18,CUST-0847,239
2023-08-28,2023,8,PROD-0292,Product 239,Clothing,3275.38,14,323.24,4023.32,64.07,CUST-1111,240
2023-08-29,2023,8,PROD-0768,Product 240,Clothing,523.0,9,865.99,4494.13,1761.97,CUST-1391,241
2023-08-30,2023,8,PROD-0140,Product 241,Sports,7458.02,12,593.76,4553.02,-2.58,CUST-3630,242
2023-08-31,2023,8,PROD-0403,Product 242,Electronics,8277.05,5,306.56,4300.02,4905.99,CUST-3118,243
2023-09-01,2023,9,PROD-0284,Product 243,Food,8450.39,19,21.5,1520.64,-88.82,CUST-0730,244
2023-09-02,2023,9,PROD-0445,Product 244,Sports,4560.65,18,526.3,594.57,3467.54,CUST-2161,245
2023-09-03,2023,9,PROD-0075,Product 245,Food,5389.08,15,447.42,4874.37,1582.37,CUST-0160,246
2023-09-04,2023,9,PROD-0565,Product 246,Sports,3806.41,10,519.86,490.28,2268.09,CUST-4749,247
2023-09-05,2023,9,PROD-0175,Product 247,Sports,2073.98,18,989.87,3647.37,4096.26,CUST-3952,248
2023-09-06,2023,9,PROD-0023,Product 248,Electronics,1712.11,10,209.54,2302.07,3059.58,CUST-4215,249
2023-09-07,2023,9,PROD-0665,Product 249,Clothing,7402.11,17,600.96,4917.12,3824.54,CUST-3827,250
2023-09-08,2023,9,PROD-0537,Product 250,Food,3734.61,11,809.48,2071.3,180.65,CUST-1133,251
2023-09-09,2023,9,PROD-0903,Product 251,Home,185.49,4,922.19,2505.22,306.8,CUST-0365,252
2023-09-10,2023,9,PROD-0286,Product 252,Home,1509.99,17,191.45,781.46,3147.0,CUST-0823,253
2023-09-11,2023,9,PROD-0136,Product 253,Food,1276.27,1,19.3,4803.47,-356.28,CUST-0450,254
2023-09-12,2023,9,PROD-0383,Product 254,Food,3439.41,4,958.25,3380.81,4552.16,CUST-3432,255
2023-09-13,2023,9,PROD-0648,Product 255,Clothing,4203.22,4,468.41,4293.3,1517.26,CUST-2167,256
2023-09-14,2023,9,PROD-0507,Product 256,Home,1847.92,2,763.34,253.78,2971.01,CUST-1240,257
2023-09-15,2023,9,PROD-0045,Product 257,Electronics,1259.47,19,681.9,2369.65,899.43,CUST-0171,258
2023-09-16,2023,9,PROD-0029,Product 258,Home,657.61,16,203.69,4138.39,3426.57,CUST-2305,259
2023-09-17,2023,9,PROD-0251,Product 259,Sports,8370.53,10,836.45,2752.69,3594.99,CUST-4724,260
2023-09-18,2023,9,PROD-0256,Product 260,Electronics,5413.69,7,641.62,3517.97,653.85,CUST-0852,261
2023-09-19,2023,9,PROD-0895,Product 261,Clothing,585.21,17,714.23,920.94,1872.71,CUST-3529,262
2023-09-20,2023,9,PROD-0696,Product 262,Home,9861.54,18,14.41,4498.09,2472.75,CUST-1861,263
2023-09-21,2023,9,PROD-0574,Product 263,Sports,6324.04,16,65.46,499.98,559.07,CUST-2921,264
2023-09-22,2023,9,PROD-0392,Product 264,Electronics,853.93,11,307.69,3474.14,4410.95,CUST-0713,265
2023-09-23,2023,9,PROD-0180,Product 265,Food,6997.05,5,859.42,3803.13,4300.39,CUST-0731,266
2023-09-24,2023,9,PROD-0997,Product 266,Clothing,7280.08,16,211.95,1147.44,-169.74,CUST-2942,267
2023-09-25,2023,9,PROD-0403,Product 267,Electronics,2472.24,11,687.51,2440.62,4793.92,CUST-2088,268
2023-09-26,2023,9,PROD-0480,Product 268,Sports,3559.81,18,243.98,1094.21,1025.82,CUST-2699,269
2023-09-27,2023,9,PROD-0656,Product 269,Home,8342.99,15,856.11,4977.06,2987.56,CUST-3908,270
2023-09-28,2023,9,PROD-0404,Product 270,Food,5239.31,12,133.79,1172.11,2555.12,CUST-0593,271
2023-09-29,2023,9,PROD-0779,Product 271,Food,618.48,18,287.39,1626.56,3591.18,CUST-1217,272
2023-09-30,2023,9,PROD-0955,Product 272,Home,7794.65,4,515.18,2527.29,263.0,CUST-0565,273
2023-10-01,2023,10,PROD-0058,Product 273,Home,2545.13,4,544.05,2746.05,1976.34,CUST-1474,274
2023-10-02,2023,10,PROD-0045,Product 274,Clothing,3384.28,9,657.62,4559.66,1499.88,CUST-2998,275
2023-10-03,2023,10,PROD-0122,Product 275,Electronics,4139.57,17,904.18,2485.28,1274.37,CUST-2185,276
2023-10-04,2023,10,PROD-0830,Product 276,Sports,7066.27,9,891.29,3440.37,4691.28,CUST-2532,277
2023-10-05,2023,10,PROD-0069,Product 277,Sports,3411.53,10,515.28,4762.43,3151.03,CUST-3536,278
2023-10-06,2023,10,PROD-0194,Product 278,Food,2956.3,12,86.63,3560.23,570.08,CUST-3485,279
2023-10-07,2023,10,PROD-0747,Product 279,Home,4167.15,16,648.56,4080.07,984.53,CUST-2677,280
2023-10-08,2023,10,PROD-0595,Product 280,Sports,9942.89,7,478.24,1753.32,1417.58,CUST-4605,281
2023-10-09,2023,10,PROD-0522,Product 281,Clothing,926.28,14,539.01,2533.42,3452.42,CUST-2141,282
2023-10-10,2023,10,PROD-0504,Product 282,Electronics,9158.93,15,861.13,4600.12,1052.44,CUST-1968,283
2023-10-11,2023,10,PROD-0705,Product 283,Clothing,8293.62,14,804.91,685.25,581.97,CUST-4957,284
2023-10-12,2023,10,PROD-0184,Product 284,Electronics,7822.14,16,756.88,620.77,4301.72,CUST-2000,285
2023-10-13,2023,10,PROD-0537,Product 285,Clothing,8440.57,5,980.13,4656.2,4953.96,CUST-3307,286
2023-10-14,2023,10,PROD-0543,Product 286,Electronics,9986.73,12,837.65,1326.43,-296.25,CUST-0804,287
2023-10-15,2023,10,PROD-0137,Product 287,Electronics,4049.83,14,207.16,2674.07,4016.44,CUST-1680,288
2023-10-16,2023,10,PROD-0341,Product 288,Food,5912.33,16,220.55,354.12,3556.17,CUST-0636,289
2023-10-17,2023,10,PROD-0218,Product 289,Sports,5490.32,4,491.19,98.25,2301.08,CUST-4171,290
2023-10-18,2023,10,PROD-0945,Product 290,Sports,9463.47,7,876.89,436.35,-448.14,CUST-4026,291
2023-10-19,2023,10,PROD-0169,Product 291,Sports,2533.45,18,560.45,874.07,4053.11,CUST-3821,292
2023-10-20,2023,10,PROD-0079,Product 292,Food,1393.02,17,94.67,3623.08,1760.12,CUST-2086,293
2023-10-21,2023,10,PROD-0816,Product 293,Electronics,800.43,18,973.74,2941.08,3767.78,CUST-2660,294
2023-10-22,2023,10,PROD-0439,Product 294,Electronics,538.47,16,198.1,4294.65,-285.67,CUST-2640,295
2023-10-23,2023,10,PROD-0651,Product 295,Clothing,6723.36,11,671.0,2056.18,108.24,CUST-2684,296
2023-10-24,2023,10,PROD-0099,Product 296,Electronics,4246.46,11,279.16,4749.87,2697.56,CUST-2578,297
2023-10-25,2023,10,PROD-0763,Product 297,Sports,8509.64,18,661.66,2552.34,1539.52,CUST-3772,298
2023-10-26,2023,10,PROD-0425,Product 298,Electronics,7297.96,17,775.92,1943.63,-57.58,CUST-0330,299
2023-10-27,2023,10,PROD-0549,Product 299,Home,4183.51,18,97.05,1648.61,1199.13,CUST-4649,300
2023-10-28,2023,10,PROD-0053,Product 300,Home,4150.94,4,101.17,3411.73,1801.21,CUST-1654,301
2023-10-29,2023,10,PROD-0161,Product 301,Food,1921.9,7,851.54,3498.81,404.7,CUST-3851,302
2023-10-30,2023,10,PROD-0394,Product 302,Clothing,9921.6,11,984.28,346.38,628.82,CUST-4909,303
2023-10-31,2023,10,PROD-0929,Product 303,Home,7127.2,3,929.66,4378.76,26.46,CUST-0699,304
2023-11-01,2023,11,PROD-0311,Product 304,Electronics,7258.45,18,518.53,2680.47,4747.84,CUST-2342,305
2023-11-02,2023,11,PROD-0866,Product 305,Sports,414.2,5,684.31,279.97,-354.91,CUST-3732,306
2023-11-03,2023,11,PROD-0660,Product 306,Home,5461.08,2,844.66,3998.88,2715.15,CUST-4488,307
2023-11-04,2023,11,PROD-0341,Product 307,Home,2436.91,3,214.62,1195.11,880.32,CUST-4412,308
2023-11-05,2023,11,PROD-0631,Product 308,Home,1374.54,1,564.05,1397.17,-196.76,CUST-2316,309
2023-11-06,2023,11,PROD-0772,Product 309,Food,9090.0,4,248.94,2718.44,168.9,CUST-1024,310
2023-11-07,2023,11,PROD-0165,Product 310,Home,5618.04,10,171.31,1601.78,1032.5,CUST-1617,311
2023-11-08,2023,11,PROD-0798,Product 311,Clothing,6072.34,4,444.21,3479.62,3679.86,CUST-1547,312
2023-11-09,2023,11,PROD-0760,Product 312,Home,8152.07,2,287.0,4466.27,4224.6,CUST-3920,313
2023-11-10,2023,11,PROD-0006,Product 313,Sports,3917.83,14,702.86,344.12,2930.02,CUST-1317,314
2023-11-11,2023,11,PROD-0036,Product 314,Home,3800.76,7,739.29,3091.31,4909.55,CUST-4114,315
2023-11-12,2023,11,PROD-0532,Product 315,Clothing,4464.41,17,245.74,4067.66,2241.5,CUST-4887,316
2023-11-13,2023,11,PROD-0479,Product 316,Home,3800.24,10,178.64,3691.96,3821.52,CUST-2339,317
2023-11-14,2023,11,PROD-0560,Product 317,Food,5242.54,3,222.87,2120.07,2814.83,CUST-3615,318
2023-11-15,2023,11,PROD-0663,Product 318,Electronics,4833.71,9,185.9,2988.61,451.43,CUST-0406,319
2023-11-16,2023,11,PROD-0988,Product 319,Food,2558.74,11,53.67,1276.45,1716.44,CUST-1007,320
2023-11-17,2023,11,PROD-0695,Product 320,Clothing,1588.32,1,31.48,1050.62,875.28,CUST-0077,321
2023-11-18,2023,11,PROD-0325,Product 321,Clothing,734.56,18,670.28,2847.48,4865.12,CUST-4683,322
2023-11-19,2023,11,PROD-0357,Product 322,Home,6852.33,19,333.86,3032.88,4.27,CUST-1883,323
2023-11-20,2023,11,PROD-0701,Product 323,Sports,2332.94,5,232.5,4147.64,-311.7,CUST-0971,324
2023-11-21,2023,11,PROD-0913,Product 324,Home,1604.7,7,260.39,4593.35,360.72,CUST-2722,325
2023-11-22,2023,11,PROD-0710,Product 325,Food,5381.49,7,324.28,620.03,2514.91,CUST-2900,326
2023-11-23,2023,11,PROD-0907,Product 326,Electronics,8634.79,8,996.89,2390.56,3103.32,CUST-1291,327
2023-11-24,2023,11,PROD-0738,Product 327,Home,9998.74,16,778.04,3598.28,-399.62,CUST-0264,328
2023-11-25,2023,11,PROD-0186,Product 328,Home,2138.33,3,875.91,4378.97,2389.35,CUST-1005,329
2023-11-26,2023,11,PROD-0822,Product 329,Home,3559.92,9,360.88,3101.36,3510.18,CUST-4959,330
2023-11-27,2023,11,PROD-0244,Product 330,Home,4290.18,9,429.17,3638.62,4907.72,CUST-3196,331
2023-11-28,2023,11,PROD-0601,Product 331,Clothing,5818.03,12,417.57,51.11,2223.54,CUST-1322,332
2023-11-29,2023,11,PROD-0360,Product 332,Electronics,2586.52,5,758.37,4140.83,2798.79,CUST-4866,333
2023-11-30,2023,11,PROD-0727,Product 333,Electronics,8353.29,4,709.65,4424.37,766.78,CUST-2909,334
2023-12-01,2023,12,PROD-0926,Product 334,Clothing,9605.41,17,193.37,3168.54,816.22,CUST-3505,335
2023-12-02,2023,12,PROD-0900,Product 335,Electronics,1037.58,19,794.07,2435.94,546.61,CUST-4340,336
2023-12-03,2023,12,PROD-0963,Product 336,Home,4078.99,18,305.43,3302.25,1964.8,CUST-1075,337
2023-12-04,2023,12,PROD-0506,Product 337,Food,5334.0,18,511.12,3697.78,727.28,CUST-0358,338
2023-12-05,2023,12,PROD-0374,Product 338,Sports,2035.36,16,71.16,2564.37,4940.07,CUST-1421,339
2023-12-06,2023,12,PROD-0024,Product 339,Clothing,7011.52,15,281.05,4636.91,4736.75,CUST-2394,340
2023-12-07,2023,12,PROD-0931,Product 340,Clothing,4333.99,14,138.93,2465.65,3034.81,CUST-2927,341
2023-12-08,2023,12,PROD-0392,Product 341,Home,7682.39,6,347.53,1217.04,4885.52,CUST-2664,342
2023-12-09,2023,12,PROD-0065,Product 342,Clothing,3474.91,14,356.17,1628.39,-40.71,CUST-3167,343
2023-12-10,2023,12,PROD-0384,Product 343,Sports,3297.89,6,256.85,3086.97,951.55,CUST-2889,344
2023-12-11,2023,12,PROD-0247,Product 344,Food,4755.34,6,418.63,3710.47,1677.06,CUST-2367,345
2023-12-12,2023,12,PROD-0041,Product 345,Food,8453.72,8,904.93,3254.6,382.53,CUST-4621,346
2023-12-13,2023,12,PROD-0511,Product 346,Electronics,8768.84,11,278.51,434.84,3398.33,CUST-4490,347
2023-12-14,2023,12,PROD-0241,Product 347,Electronics,9348.06,2,487.01,3859.53,3304.47,CUST-3145,348
2023-12-15,2023,12,PROD-0703,Product 348,Electronics,1561.37,1,382.9,4050.42,3795.19,CUST-3935,349
2023-12-16,2023,12,PROD-0638,Product 349,Sports,7913.63,9,563.59,1670.96,1802.05,CUST-3594,350
2023-12-17,2023,12,PROD-0031,Product 350,Home,1511.45,3,99.49,4368.08,428.28,CUST-4166,351
2023-12-18,2023,12,PROD-0917,Product 351,Clothing,8500.8,15,381.52,864.05,4491.12,CUST-0104,352
2023-12-19,2023,12,PROD-0766,Product 352,Food,1040.33,13,911.28,3214.84,3102.33,CUST-4943,353
2023-12-20,2023,12,PROD-0009,Product 353,Clothing,6197.53,5,774.17,858.19,1721.53,CUST-2317,354
2023-12-21,2023,12,PROD-0699,Product 354,Home,2791.89,4,802.29,2637.13,2322.85,CUST-0419,355
2023-12-22,2023,12,PROD-0128,Product 355,Electronics,5704.31,16,907.22,1437.41,-185.22,CUST-0959,356
2023-12-23,2023,12,PROD-0058,Product 356,Sports,9006.53,14,889.6,1823.16,1098.02,CUST-1915,357
2023-12-24,2023,12,PROD-0918,Product 357,Electronics,5906.84,9,540.64,2265.92,1.12,CUST-1513,358
2023-12-25,2023,12,PROD-0816,Product 358,Sports,7599.29,18,646.29,2596.67,4789.6,CUST-2980,359
2023-12-26,2023,12,PROD-0213,Product 359,Food,2160.95,9,51.22,2778.48,1987.88,CUST-2262,360
2023-12-27,2023,12,PROD-0626,Product 360,Clothing,3350.15,15,173.16,2437.36,1121.72,CUST-1667,361
2023-12-28,2023,12,PROD-0688,Product 361,Clothing,8041.65,13,625.04,4005.97,3436.72,CUST-3092,362
2023-12-29,2023,12,PROD-0739,Product 362,Food,2753.94,6,981.74,906.75,4669.04,CUST-4034,363
2023-12-30,2023,12,PROD-0074,Product 363,Sports,6011.8,12,819.23,1901.52,3630.69,CUST-4490,364
2023-12-31,2023,12,PROD-0703,Product 364,Food,3134.59,13,270.48,1476.35,4263.88,CUST-2252,365
2023-01-01,2023,1,PROD-0114,Product 365,Sports,9101.66,16,870.35,1071.69,3750.67,CUST-2741,366
2023-01-02,2023,1,PROD-0446,Product 366,Sports,2588.06,3,302.53,1194.44,585.12,CUST-2284,367
2023-01-03,2023,1,PROD-0970,Product 367,Clothing,7999.38,11,503.57,4386.89,-62.17,CUST-1798,368
2023-01-04,2023,1,PROD-0347,Product 368,Clothing,8249.61,12,213.0,2378.41,2118.44,CUST-2786,369
2023-01-05,2023,1,PROD-0124,Product 369,Electronics,4249.2,15,277.74,1484.36,3011.14,CUST-1346,370
2023-01-06,2023,1,PROD-0757,Product 370,Clothing,9418.17,19,696.51,4998.04,960.31,CUST-4737,371
2023-01-07,2023,1,PROD-0319,Product 371,Food,6109.84,8,529.73,339.63,2926.25,CUST-2172,372
2023-01-08,2023,1,PROD-0827,Product 372,Clothing,6497.92,10,276.6,4822.08,2540.67,CUST-0598,373
2023-01-09,2023,1,PROD-0482,Product 373,Sports,5846.64,11,483.73,337.87,2985.59,CUST-2665,374
2023-01-10,2023,1,PROD-0473,Product 374,Clothing,1805.25,9,647.86,4573.28,3831.56,CUST-2250,375
2023-01-11,2023,1,PROD-0455,Product 375,Sports,7778.41,18,280.8,2982.77,4324.99,CUST-2786,376
2023-01-12,2023,1,PROD-0265,Product 376,Food,4488.77,19,355.71,1805.79,3605.98,CUST-4452,377
2023-01-13,2023,1,PROD-0322,Product 377,Food,4796.4,11,516.72,2877.28,721.15,CUST-3279,378
2023-01-14,2023,1,PROD-0460,Product 378,Clothing,7689.88,1,590.04,1508.61,1260.09,CUST-4282,379
2023-01-15,2023,1,PROD-0945,Product 379,Home,4840.55,7,179.41,2070.97,4986.57,CUST-2710,380
2023-01-16,2023,1,PROD-0683,Product 380,Clothing,7063.42,9,357.82,1147.94,1588.2,CUST-3993,381
2023-01-17,2023,1,PROD-0026,Product 381,Electronics,4155.75,10,447.8,3766.38,4110.87,CUST-0811,382
2023-01-18,2023,1,PROD-0702,Product 382,Electronics,5049.58,17,719.47,2062.68,4577.42,CUST-4425,383
2023-01-19,2023,1,PROD-0442,Product 383,Clothing,4198.42,15,891.32,876.69,4518.97,CUST-1446,384
2023-01-20,2023,1,PROD-0250,Product 384,Clothing,5649.43,11,117.55,574.55,-18.7,CUST-2141,385
2023-01-21,2023,1,PROD-0967,Product 385,Electronics,2394.8,11,818.36,235.89,1065.7,CUST-4025,386
2023-01-22,2023,1,PROD-0985,Product 386,Sports,1191.87,11,243.7,2897.4,684.19,CUST-3810,387
2023-01-23,2023,1,PROD-0724,Product 387,Sports,8703.13,8,144.16,4439.81,1190.52,CUST-4331,388
2023-01-24,2023,1,PROD-0798,Product 388,Home,8503.12,15,848.33,1898.98,3820.38,CUST-1573,389
2023-01-25,2023,1,PROD-0588,Product 389,Food,9331.74,5,345.63,699.59,4008.06,CUST-1544,390
2023-01-26,2023,1,PROD-0537,Product 390,Home,7801.72,3,427.96,2080.52,2641.27,CUST-0543,391
2023-01-27,2023,1,PROD-0273,Product 391,Home,749.47,11,881.89,1048.19,4342.7,CUST-4184,392
2023-01-28,2023,1,PROD-0267,Product 392,Sports,4438.16,9,104.62,2324.64,1036.23,CUST-3895,393
2023-01-29,2023,1,PROD-0630,Product 393,Food,7259.6,2,39.03,4964.52,3248.2,CUST-1732,394
2023-01-30,2023,1,PROD-0252,Product 394,Home,5536.88,4,599.31,1677.03,4733.53,CUST-1500,395
2023-01-31,2023,1,PROD-0973,Product 395,Electronics,3432.95,14,491.55,1742.04,2365.68,CUST-0833,396
2023-02-01,2023,2,PROD-0035,Product 396,Home,863.79,4,817.49,3446.63,-130.69,CUST-2217,397
2023-02-02,2023,2,PROD-0829,Product 397,Electronics,9468.83,1,318.33,3617.78,-110.67,CUST-4945,398
2023-02-03,2023,2,PROD-0846,Product 398,Sports,9766.98,1,395.83,926.08,4790.03,CUST-1334,399
2023-02-04,2023,2,PROD-0348,Product 399,Food,6852.24,18,730.61,489.25,-278.3,CUST-2175,400
2023-02-05,2023,2,PROD-0242,Product 400,Clothing,5689.6,19,729.87,3077.06,1881.37,CUST-3326,401
2023-02-06,2023,2,PROD-0992,Product 401,Sports,8197.25,15,891.12,176.22,-95.24,CUST-2894,402
2023-02-07,2023,2,PROD-0238,Product 402,Clothing,9677.29,16,438.57,4459.01,2998.67,CUST-4011,403
2023-02-08,2023,2,PROD-0711,Product 403,Clothing,6739.01,13,226.74,1336.08,2342.98,CUST-0052,404
2023-02-09,2023,2,PROD-0435,Product 404,Clothing,6088.65,17,66.96,1033.51,1295.24,CUST-1064,405
2023-02-10,2023,2,PROD-0485,Product 405,Sports,9053.87,19,957.82,928.96,1866.99,CUST-2302,406
2023-02-11,2023,2,PROD-0608,Product 406,Home,5041.16,7,460.49,1836.41,3461.47,CUST-2077,407
2023-02-12,2023,2,PROD-0905,Product 407,Clothing,4466.72,6,922.57,714.07,4987.91,CUST-4002,408
2023-02-13,2023,2,PROD-0066,Product 408,Home,9033.49,13,925.4,4008.84,2747.52,CUST-2690,409
2023-02-14,2023,2,PROD-0430,Product 409,Clothing,4198.93,16,758.02,3430.74,1066.93,CUST-2663,410
2023-02-15,2023,2,PROD-0685,Product 410,Home,8186.46,7,829.28,4768.22,3393.84,CUST-1679,411
2023-02-16,2023,2,PROD-0033,Product 411,Home,3020.51,7,941.65,563.49,-490.98,CUST-1253,412
2023-02-17,2023,2,PROD-0339,Product 412,Sports,934.49,3,680.53,4822.99,394.3,CUST-1282,413
2023-02-18,2023,2,PROD-0464,Product 413,Food,809.4,5,456.75,4778.29,3531.44,CUST-4780,414
2023-02-19,2023,2,PROD-0205,Product 414,Food,6763.95,12,661.1,2087.41,2477.04,CUST-4974,415
2023-02-20,2023,2,PROD-0992,Product 415,Electronics,7374.43,9,670.86,330.4,2723.06,CUST-2196,416
2023-02-21,2023,2,PROD-0896,Product 416,Food,7433.23,16,610.73,261.01,2843.12,CUST-2522,417
2023-02-22,2023,2,PROD-0998,Product 417,Clothing,7164.98,1,351.94,2540.76,2732.1,CUST-2549,418
2023-02-23,2023,2,PROD-0946,Product 418,Sports,888.54,16,216.84,2327.88,1885.83,CUST-4093,419
2023-02-24,2023,2,PROD-0162,Product 419,Sports,8304.13,9,499.6,164.95,2928.2,CUST-1227,420
2023-02-25,2023,2,PROD-0021,Product 420,Sports,6718.88,8,132.7,3805.04,-491.52,CUST-4570,421
2023-02-26,2023,2,PROD-0174,Product 421,Home,5295.47,7,514.98,444.88,2299.48,CUST-0483,422
2023-02-27,2023,2,PROD-0453,Product 422,Sports,9587.49,16,289.89,4654.79,4447.73,CUST-1935,423
2023-02-28,2023,2,PROD-0279,Product 423,Electronics,5018.91,10,450.15,4784.84,2971.46,CUST-4411,424
2023-03-01,2023,3,PROD-0778,Product 424,Sports,6022.96,15,584.52,2367.3,1186.51,CUST-1452,425
2023-03-02,2023,3,PROD-0953,Product 425,Food,3009.13,18,992.75,2070.0,4698.83,CUST-3886,426
2023-03-03,2023,3,PROD-0160,Product 426,Sports,1382.54,6,383.27,4353.61,2243.56,CUST-4708,427
2023-03-04,2023,3,PROD-0393,Product 427,Food,8811.45,8,688.84,2708.04,-404.07,CUST-2432,428
2023-03-05,2023,3,PROD-0717,Product 428,Food,4129.08,18,743.61,3583.86,2433.25,CUST-4593,429
2023-03-06,2023,3,PROD-0186,Product 429,Sports,1712.73,6,549.4,717.32,4741.27,CUST-1990,430
2023-03-07,2023,3,PROD-0836,Product 430,Food,5062.08,1,311.88,2261.07,597.28,CUST-2327,431
2023-03-08,2023,3,PROD-0212,Product 431,Food,101.32,2,162.44,964.7,4251.63,CUST-4374,432
2023-03-09,2023,3,PROD-0545,Product 432,Home,1099.34,19,665.39,3325.9,355.82,CUST-1665,433
2023-03-10,2023,3,PROD-0875,Product 433,Sports,2221.97,1,123.49,2954.25,1409.25,CUST-0920,434
2023-03-11,2023,3,PROD-0683,Product 434,Electronics,1738.83,9,521.23,2699.49,380.11,CUST-2201,435
2023-03-12,2023,3,PROD-0368,Product 435,Sports,1294.11,10,401.02,934.01,1334.43,CUST-1287,436
2023-03-13,2023,3,PROD-0407,Product 436,Electronics,9610.85,11,629.86,921.79,716.69,CUST-3072,437
2023-03-14,2023,3,PROD-0375,Product 437,Electronics,7608.81,18,521.08,4288.1,17.89,CUST-2829,438
2023-03-15,2023,3,PROD-0691,Product 438,Food,6941.43,1,423.57,2729.78,-433.86,CUST-2303,439
2023-03-16,2023,3,PROD-0177,Product 439,Electronics,9378.89,6,726.97,2853.86,3919.7,CUST-2429,440
2023-03-17,2023,3,PROD-0031,Product 440,Electronics,8197.22,10,349.52,4035.46,2261.4,CUST-2087,441
2023-03-18,2023,3,PROD-0561,Product 441,Home,3898.38,3,647.07,359.93,611.65,CUST-1901,442
2023-03-19,2023,3,PROD-0212,Product 442,Electronics,5875.12,13,812.0,2528.63,4951.89,CUST-2252,443
2023-03-20,2023,3,PROD-0439,Product 443,Home,812.36,6,587.69,3580.7,2626.64,CUST-3054,444
2023-03-21,2023,3,PROD-0757,Product 444,Home,788.49,5,891.54,1630.93,2883.7,CUST-4604,445
2023-03-22,2023,3,PROD-0717,Product 445,Electronics,2544.02,14,638.1,4418.31,3613.39,CUST-4847,446
2023-03-23,2023,3,PROD-0631,Product 446,Electronics,1919.92,8,244.24,4913.36,2339.75,CUST-2907,447
2023-03-24,2023,3,PROD-0228,Product 447,Electronics,4252.58,3,946.62,230.69,1158.82,CUST-3914,448
2023-03-25,2023,3,PROD-0554,Product 448,Electronics,8357.56,16,91.68,2118.08,2836.72,CUST-4755,449
2023-03-26,2023,3,PROD-0475,Product 449,Sports,293.41,5,664.65,181.14,-246.69,CUST-1609,450
2023-03-27,2023,3,PROD-0111,Product 450,Home,1859.2,12,324.0,3622.76,1192.42,CUST-1270,451
2023-03-28,2023,3,PROD-0107,Product 451,Electronics,3318.18,2,44.7,1259.08,4064.06,CUST-0349,452
2023-03-29,2023,3,PROD-0524,Product 452,Clothing,3942.09,9,106.52,497.06,2431.35,CUST-4037,453
2023-03-30,2023,3,PROD-0393,Product 453,Home,4334.7,12,192.88,1506.61,-238.96,CUST-0241,454
2023-03-31,2023,3,PROD-0848,Product 454,Clothing,1297.2,2,172.44,1113.13,81.59,CUST-3506,455
2023-04-01,2023,4,PROD-0794,Product 455,Food,7297.28,1,84.61,2003.72,-461.86,CUST-0394,456
2023-04-02,2023,4,PROD-0676,Product 456,Food,1151.5,17,432.62,1992.85,2959.62,CUST-3770,457
2023-04-03,2023,4,PROD-0277,Product 457,Electronics,4150.91,18,77.74,4430.73,2028.26,CUST-3745,458
2023-04-04,2023,4,PROD-0114,Product 458,Clothing,5454.9,6,103.69,2599.91,1232.63,CUST-1319,459
2023-04-05,2023,4,PROD-0484,Product 459,Sports,5135.82,1,702.98,2704.69,1683.7,CUST-0776,460
2023-04-06,2023,4,PROD-0196,Product 460,Electronics,4027.09,11,100.74,2472.84,4632.14,CUST-4044,461
2023-04-07,2023,4,PROD-0481,Product 461,Clothing,6862.99,14,779.61,1650.78,2993.84,CUST-2939,462
2023-04-08,2023,4,PROD-0614,Product 462,Food,3721.6,19,767.05,696.55,730.55,CUST-0672,463
2023-04-09,2023,4,PROD-0337,Product 463,Home,5127.13,16,33.37,4023.94,2744.69,CUST-2398,464
2023-04-10,2023,4,PROD-0380,Product 464,Clothing,1757.57,6,985.58,2495.99,1274.52,CUST-2709,465
2023-04-11,2023,4,PROD-0458,Product 465,Clothing,119.91,9,960.88,4958.39,1504.1,CUST-2293,466
2023-04-12,2023,4,PROD-0677,Product 466,Sports,9395.31,6,355.3,901.86,1605.42,CUST-4027,467
2023-04-13,2023,4,PROD-0632,Product 467,Home,413.9,18,747.82,1164.61,4709.05,CUST-2003,468
2023-04-14,2023,4,PROD-0756,Product 468,Home,7885.5,16,394.28,1232.9,4236.79,CUST-2754,469
2023-04-15,2023,4,PROD-0817,Product 469,Home,6867.34,14,830.55,3086.45,4848.3,CUST-2279,470
2023-04-16,2023,4,PROD-0022,Product 470,Home,9995.18,8,82.56,2953.13,4188.91,CUST-0641,471
2023-04-17,2023,4,PROD-0177,Product 471,Clothing,787.23,16,403.65,1673.68,45.92,CUST-1845,472
2023-04-18,2023,4,PROD-0749,Product 472,Electronics,7240.37,6,722.52,1434.02,4077.77,CUST-0805,473
2023-04-19,2023,4,PROD-0487,Product 473,Food,6134.59,6,247.0,2758.28,4203.9,CUST-1236,474
2023-04-20,2023,4,PROD-0807,Product 474,Home,3048.75,19,884.85,418.19,0.13,CUST-3353,475
2023-04-21,2023,4,PROD-0762,Product 475,Sports,3090.49,13,215.3,690.73,4761.93,CUST-4847,476
2023-04-22,2023,4,PROD-0940,Product 476,Clothing,1204.41,14,165.34,3173.91,17.11,CUST-3427,477
2023-04-23,2023,4,PROD-0271,Product 477,Sports,8516.64,2,25.94,599.79,815.05,CUST-1955,478
2023-04-24,2023,4,PROD-0292,Product 478,Home,1145.6,8,455.17,3591.18,-221.71,CUST-4167,479
2023-04-25,2023,4,PROD-0330,Product 479,Home,7974.27,6,689.92,1276.42,2246.1,CUST-1174,480
2023-04-26,2023,4,PROD-0167,Product 480,Sports,8847.08,2,753.65,4792.31,2290.83,CUST-4428,481
2023-04-27,2023,4,PROD-0020,Product 481,Electronics,2930.14,10,285.52,4089.72,2074.81,CUST-1702,482
2023-04-28,2023,4,PROD-0398,Product 482,Clothing,4279.77,16,775.44,1270.88,3158.03,CUST-2490,483
2023-04-29,2023,4,PROD-0886,Product 483,Electronics,9817.48,1,53.8,3762.51,-327.42,CUST-1021,484
2023-04-30,2023,4,PROD-0429,Product 484,Home,3472.92,7,418.16,775.23,1369.28,CUST-4794,485
2023-05-01,2023,5,PROD-0253,Product 485,Clothing,7961.26,15,342.74,2568.84,3760.23,CUST-2579,486
2023-05-02,2023,5,PROD-0229,Product 486,Home,1043.52,11,649.4,348.89,4674.59,CUST-2121,487
2023-05-03,2023,5,PROD-0325,Product 487,Home,6486.37,4,68.36,4408.92,4193.95,CUST-2571,488
2023-05-04,2023,5,PROD-0062,Product 488,Food,2686.36,18,734.85,2363.79,479.02,CUST-2826,489
2023-05-05,2023,5,PROD-0601,Product 489,Electronics,4999.27,6,376.12,1502.06,4741.14,CUST-1357,490
2023-05-06,2023,5,PROD-0674,Product 490,Clothing,2254.91,11,806.46,3464.22,1587.05,CUST-2559,491
2023-05-07,2023,5,PROD-0173,Product 491,Sports,1642.6,15,111.81,2077.48,3470.99,CUST-0075,492
2023-05-08,2023,5,PROD-0095,Product 492,Food,9483.13,7,945.16,4764.4,2308.28,CUST-3023,493
2023-05-09,2023,5,PROD-0235,Product 493,Home,6358.03,11,643.35,2267.96,4482.33,CUST-0562,494
2023-05-10,2023,5,PROD-0869,Product 494,Home,8802.84,4,252.27,1114.51,3602.51,CUST-3262,495
2023-05-11,2023,5,PROD-0196,Product 495,Home,5401.83,16,487.22,1046.91,1058.39,CUST-0709,496
2023-05-12,2023,5,PROD-0572,Product 496,Sports,2859.14,16,677.37,619.43,2408.72,CUST-2871,497
2023-05-13,2023,5,PROD-0049,Product 497,Clothing,341.46,5,869.78,2249.54,580.44,CUST-0438,498
2023-05-14,2023,5,PROD-0971,Product 498,Electronics,4876.79,5,268.58,2493.47,-320.15,CUST-0067,499
2023-05-15,2023,5,PROD-0641,Product 499,Home,6649.88,7,715.91,3233.15,2443.95,CUST-2896,500
2023-05-16,2023,5,PROD-0454,Product 500,Sports,5865.37,1,619.27,1745.19,466.29,CUST-4209,501
2023-05-17,2023,5,PROD-0783,Product 501,Food,5348.08,15,948.4,4496.78,-108.19,CUST-4230,502
2023-05-18,2023,5,PROD-0072,Product 502,Food,4252.46,10,950.32,4731.78,1930.5,CUST-3165,503
2023-05-19,2023,5,PROD-0591,Product 503,Clothing,921.73,15,445.22,1246.26,3295.46,CUST-0893,504
2023-05-20,2023,5,PROD-0460,Product 504,Clothing,8468.75,4,74.12,2227.15,3336.83,CUST-0831,505
2023-05-21,2023,5,PROD-0751,Product 505,Food,6078.9,2,262.69,3673.23,4866.66,CUST-4320,506
2023-05-22,2023,5,PROD-0909,Product 506,Sports,8996.74,4,828.91,3255.67,1526.94,CUST-0257,507
2023-05-23,2023,5,PROD-0755,Product 507,Clothing,9589.4,12,149.45,4195.68,2635.19,CUST-0060,508
2023-05-24,2023,5,PROD-0657,Product 508,Clothing,6942.42,7,359.7,4513.62,1461.69,CUST-4260,509
2023-05-25,2023,5,PROD-0230,Product 509,Electronics,7758.99,4,323.41,3128.08,1386.17,CUST-1951,510
2023-05-26,2023,5,PROD-0687,Product 510,Home,8044.13,6,557.05,2494.14,4636.8,CUST-2789,511
2023-05-27,2023,5,PROD-0972,Product 511,Electronics,5397.64,2,470.28,3110.09,3683.18,CUST-2414,512
2023-05-28,2023,5,PROD-0044,Product 512,Home,181.42,2,780.84,3669.46,2827.13,CUST-3145,513
2023-05-29,2023,5,PROD-0924,Product 513,Food,4317.38,6,380.2,1395.43,4305.12,CUST-4541,514
2023-05-30,2023,5,PROD-0621,Product 514,Clothing,389.71,16,776.14,389.5,3649.92,CUST-2567,515
2023-05-31,2023,5,PROD-0611,Product 515,Sports,563.95,4,939.14,668.71,3175.47,CUST-3141,516
2023-06-01,2023,6,PROD-0181,Product 516,Food,8724.56,18,422.43,2959.13,1642.46,CUST-3148,517
2023-06-02,2023,6,PROD-0700,Product 517,Electronics,4693.81,2,249.16,3838.64,3925.66,CUST-3473,518
2023-06-03,2023,6,PROD-0104,Product 518,Sports,3719.78,13,388.35,1505.7,4833.96,CUST-3562,519
2023-06-04,2023,6,PROD-0094,Product 519,Electronics,1472.64,8,769.41,2314.76,4943.43,CUST-0263,520
2023-06-05,2023,6,PROD-0185,Product 520,Clothing,3249.56,10,244.26,503.22,3397.95,CUST-1249,521
2023-06-06,2023,6,PROD-0105,Product 521,Electronics,2952.16,5,685.57,3466.47,1191.86,CUST-0145,522
2023-06-07,2023,6,PROD-0145,Product 522,Food,6333.54,14,557.14,726.21,155.73,CUST-0424,523
2023-06-08,2023,6,PROD-0657,Product 523,Clothing,927.27,10,359.98,747.97,2835.97,CUST-1038,524
2023-06-09,2023,6,PROD-0050,Product 524,Clothing,9528.53,17,538.74,2365.58,2816.32,CUST-4305,525
2023-06-10,2023,6,PROD-0314,Product 525,Food,8838.72,16,977.2,4510.36,3448.71,CUST-3330,526
2023-06-11,2023,6,PROD-0970,Product 526,Food,270.83,3,491.63,1709.35,868.17,CUST-4117,527
2023-06-12,2023,6,PROD-0105,Product 527,Electronics,8055.53,1,346.61,2428.44,4140.01,CUST-4353,528
2023-06-13,2023,6,PROD-0187,Product 528,Food,3098.76,4,742.29,3564.65,-66.47,CUST-0119,529
2023-06-14,2023,6,PROD-0556,Product 529,Home,3426.76,5,805.22,679.55,3096.6,CUST-2683,530
2023-06-15,2023,6,PROD-0365,Product 530,Electronics,8704.21,18,472.96,4114.93,4188.05,CUST-3964,531
2023-06-16,2023,6,PROD-0673,Product 531,Clothing,3046.28,9,339.67,921.63,2466.76,CUST-1175,532
2023-06-17,2023,6,PROD-0804,Product 532,Home,6272.09,7,690.48,2399.16,2832.94,CUST-1735,533
2023-06-18,2023,6,PROD-0753,Product 533,Home,5831.61,13,696.3,3973.46,4232.31,CUST-4669,534
2023-06-19,2023,6,PROD-0947,Product 534,Home,8962.91,12,546.77,4739.86,303.72,CUST-4590,535
2023-06-20,2023,6,PROD-0561,Product 535,Home,7928.73,11,44.19,1167.04,2980.97,CUST-4825,536
2023-06-21,2023,6,PROD-0962,Product 536,Sports,2141.68,16,75.23,3860.3,3683.76,CUST-3936,537
2023-06-22,2023,6,PROD-0162,Product 537,Food,3287.61,13,417.66,4618.91,1032.12,CUST-4268,538
2023-06-23,2023,6,PROD-0244,Product 538,Sports,1052.75,13,508.7,4299.87,784.69,CUST-3831,539
2023-06-24,2023,6,PROD-0538,Product 539,Sports,9392.23,15,942.23,485.95,-300.21,CUST-0062,540
2023-06-25,2023,6,PROD-0668,Product 540,Home,9270.43,7,604.32,3596.15,-235.01,CUST-4190,541
2023-06-26,2023,6,PROD-0477,Product 541,Food,9732.19,11,941.02,1428.91,3545.32,CUST-4528,542
2023-06-27,2023,6,PROD-0945,Product 542,Sports,1093.94,12,263.43,4748.3,2022.5,CUST-3942,543
2023-06-28,2023,6,PROD-0038,Product 543,Home,5195.62,2,979.39,2975.06,3735.1,CUST-1245,544
2023-06-29,2023,6,PROD-0072,Product 544,Food,8456.96,16,257.21,2513.37,3412.2,CUST-0316,545
2023-06-30,2023,6,PROD-0619,Product 545,Electronics,5654.38,12,424.34,3469.65,4857.39,CUST-0813,546
2023-07-01,2023,7,PROD-0933,Product 546,Home,3687.22,1,858.74,955.45,3622.66,CUST-3272,547
2023-07-02,2023,7,PROD-0041,Product 547,Clothing,7077.59,5,880.92,4761.53,1055.08,CUST-1763,548
2023-07-03,2023,7,PROD-0882,Product 548,Electronics,4529.32,5,414.36,3156.97,4748.11,CUST-0520,549
2023-07-04,2023,7,PROD-0925,Product 549,Electronics,2567.24,10,12.86,2127.81,1316.71,CUST-2790,550
2023-07-05,2023,7,PROD-0654,Product 550,Clothing,8604.9,14,724.01,1242.51,2965.46,CUST-3224,551
2023-07-06,2023,7,PROD-0470,Product 551,Clothing,2915.54,13,546.5,1486.95,3997.53,CUST-3121,552
2023-07-07,2023,7,PROD-0553,Product 552,Food,910.53,18,160.76,4526.61,3706.3,CUST-3660,553
2023-07-08,2023,7,PROD-0280,Product 553,Clothing,6470.43,9,832.16,1507.08,110.79,CUST-3586,554
2023-07-09,2023,7,PROD-0061,Product 554,Electronics,7633.58,12,438.44,1529.08,2141.52,CUST-2173,555
2023-07-10,2023,7,PROD-0723,Product 555,Home,8448.98,7,693.96,4637.02,3954.13,CUST-4862,556
2023-07-11,2023,7,PROD-0289,Product 556,Food,1826.94,10,404.6,3075.54,-182.63,CUST-0450,557
2023-07-12,2023,7,PROD-0676,Product 557,Electronics,557.71,10,366.14,4035.5,-450.36,CUST-0872,558
2023-07-13,2023,7,PROD-0502,Product 558,Electronics,6990.07,15,410.36,312.19,2916.36,CUST-4967,559
2023-07-14,2023,7,PROD-0524,Product 559,Food,9615.72,12,382.93,2854.56,4965.29,CUST-2516,560
2023-07-15,2023,7,PROD-0720,Product 560,Electronics,8967.53,4,651.18,3080.16,3625.88,CUST-2510,561
2023-07-16,2023,7,PROD-0611,Product 561,Food,5154.04,6,896.11,2196.01,2119.45,CUST-3592,562
2023-07-17,2023,7,PROD-0331,Product 562,Clothing,8406.5,7,419.13,2749.2,3469.46,CUST-0835,563
2023-07-18,2023,7,PROD-0742,Product 563,Clothing,8009.01,9,85.35,1917.81,-409.5,CUST-2568,564
2023-07-19,2023,7,PROD-0578,Product 564,Clothing,6522.55,6,671.66,4707.93,-112.22,CUST-0404,565
2023-07-20,2023,7,PROD-0312,Product 565,Sports,6417.59,15,435.53,64.77,3542.47,CUST-0474,566
2023-07-21,2023,7,PROD-0537,Product 566,Food,1036.35,18,887.76,4048.15,3456.12,CUST-1398,567
2023-07-22,2023,7,PROD-0989,Product 567,Home,5474.03,2,102.65,1723.75,1457.26,CUST-2170,568
2023-07-23,2023,7,PROD-0410,Product 568,Food,7250.2,18,864.92,240.49,803.18,CUST-1847,569
2023-07-24,2023,7,PROD-0479,Product 569,Electronics,3655.27,10,199.96,3119.51,-153.43,CUST-2830,570
2023-07-25,2023,7,PROD-0782,Product 570,Home,4418.83,13,121.67,1518.17,1587.19,CUST-4082,571
2023-07-26,2023,7,PROD-0024,Product 571,Home,737.56,17,450.57,2711.57,665.53,CUST-1992,572
2023-07-27,2023,7,PROD-0343,Product 572,Home,4597.4,3,730.79,4305.67,619.3,CUST-1098,573
2023-07-28,2023,7,PROD-0733,Product 573,Sports,5714.22,17,746.12,3686.83,1210.28,CUST-3408,574
2023-07-29,2023,7,PROD-0073,Product 574,Sports,2229.47,11,633.87,432.13,4796.72,CUST-2079,575
2023-07-30,2023,7,PROD-0448,Product 575,Home,5241.2,11,310.21,4475.54,960.31,CUST-0410,576
2023-07-31,2023,7,PROD-0851,Product 576,Clothing,8502.86,7,571.15,4715.3,980.21,CUST-3520,577
2023-08-01,2023,8,PROD-0196,Product 577,Clothing,1990.66,2,475.3,2883.91,-45.97,CUST-3758,578
2023-08-02,2023,8,PROD-0071,Product 578,Sports,7232.81,3,118.82,1790.73,2455.39,CUST-2603,579
2023-08-03,2023,8,PROD-0379,Product 579,Food,3894.61,6,383.9,2381.15,889.11,CUST-4550,580
2023-08-04,2023,8,PROD-0598,Product 580,Food,8072.84,4,63.09,2538.71,915.23,CUST-2770,581
2023-08-05,2023,8,PROD-0559,Product 581,Home,9871.32,9,138.26,2424.05,-367.39,CUST-2084,582
2023-08-06,2023,8,PROD-0390,Product 582,Food,3434.95,7,939.29,3856.72,322.22,CUST-2004,583
2023-08-07,2023,8,PROD-0432,Product 583,Electronics,498.16,16,441.42,3277.44,648.78,CUST-3157,584
2023-08-08,2023,8,PROD-0963,Product 584,Food,9812.15,11,314.1,2416.74,2102.54,CUST-2402,585
2023-08-09,2023,8,PROD-0797,Product 585,Clothing,9365.98,19,207.35,2776.46,4884.13,CUST-2608,586
2023-08-10,2023,8,PROD-0770,Product 586,Home,3705.16,8,157.53,2506.34,2077.33,CUST-0549,587
2023-08-11,2023,8,PROD-0656,Product 587,Sports,427.31,6,435.68,2149.2,1624.1,CUST-4019,588
2023-08-12,2023,8,PROD-0460,Product 588,Electronics,517.5,3,412.18,4441.89,2883.64,CUST-2741,589
2023-08-13,2023,8,PROD-0075,Product 589,Sports,3539.96,9,578.83,1372.65,1489.71,CUST-0721,590
2023-08-14,2023,8,PROD-0259,Product 590,Electronics,8574.19,19,142.3,792.92,3231.88,CUST-2375,591
2023-08-15,2023,8,PROD-0032,Product 591,Electronics,4313.06,4,348.69,3658.1,-168.77,CUST-0784,592
2023-08-16,2023,8,PROD-0801,Product 592,Electronics,5534.27,17,706.34,150.03,-290.87,CUST-3347,593
2023-08-17,2023,8,PROD-0964,Product 593,Food,3239.06,14,28.26,3217.47,4454.08,CUST-3247,594
2023-08-18,2023,8,PROD-0971,Product 594,Food,2636.06,15,717.26,1850.83,783.56,CUST-1948,595
2023-08-19,2023,8,PROD-0811,Product 595,Electronics,2223.49,17,621.96,629.49,4159.5,CUST-1572,596
2023-08-20,2023,8,PROD-0529,Product 596,Home,6371.08,7,444.32,3519.72,1525.39,CUST-2132,597
2023-08-21,2023,8,PROD-0669,Product 597,Electronics,2067.31,16,609.77,3163.67,2710.59,CUST-4559,598
2023-08-22,2023,8,PROD-0007,Product 598,Electronics,2142.05,13,464.13,4631.2,2642.07,CUST-1437,599
2023-08-23,2023,8,PROD-0662,Product 599,Electronics,7901.4,19,283.94,1012.92,2033.92,CUST-3507,600
2023-08-24,2023,8,PROD-0520,Product 600,Home,2269.36,1,927.86,266.94,4782.01,CUST-2173,601
2023-08-25,2023,8,PROD-0337,Product 601,Sports,3282.42,7,306.35,2965.0,2215.08,CUST-0531,602
2023-08-26,2023,8,PROD-0439,Product 602,Home,7165.26,8,164.34,2526.18,1611.12,CUST-1702,603
2023-08-27,2023,8,PROD-0170,Product 603,Electronics,4518.17,14,250.76,4789.76,3341.55,CUST-4022,604
2023-08-28,2023,8,PROD-0369,Product 604,Clothing,9710.14,9,736.91,2244.84,1353.08,CUST-0913,605
2023-08-29,2023,8,PROD-0698,Product 605,Food,1900.16,4,107.11,4948.33,1854.52,CUST-2167,606
2023-08-30,2023,8,PROD-0762,Product 606,Clothing,2378.31,16,668.29,588.44,-378.92,CUST-0505,607
2023-08-31,2023,8,PROD-0499,Product 607,Food,7576.05,13,214.16,3460.53,4890.06,CUST-0007,608
2023-09-01,2023,9,PROD-0521,Product 608,Home,699.6,18,861.99,1178.37,1021.7,CUST-0697,609
2023-09-02,2023,9,PROD-0897,Product 609,Sports,936.92,14,716.24,2863.75,358.57,CUST-0388,610
2023-09-03,2023,9,PROD-0553,Product 610,Food,3673.52,19,219.54,4550.62,4249.43,CUST-1317,611
2023-09-04,2023,9,PROD-0867,Product 611,Sports,3066.57,12,50.53,1226.71,4867.28,CUST-1013,612
2023-09-05,2023,9,PROD-0467,Product 612,Food,9874.29,5,461.86,3935.14,1974.75,CUST-1588,613
2023-09-06,2023,9,PROD-0609,Product 613,Electronics,4407.66,8,557.28,4718.63,80.74,CUST-0595,614
2023-09-07,2023,9,PROD-0609,Product 614,Sports,4656.44,18,431.06,3131.66,4676.41,CUST-0395,615
2023-09-08,2023,9,PROD-0092,Product 615,Sports,2016.44,16,105.96,778.08,696.47,CUST-0814,616
2023-09-09,2023,9,PROD-0277,Product 616,Food,3834.82,4,711.13,4963.26,2033.12,CUST-0383,617
2023-09-10,2023,9,PROD-0688,Product 617,Clothing,7793.8,16,80.31,53.75,2995.68,CUST-2841,618
2023-09-11,2023,9,PROD-0279,Product 618,Sports,4696.02,7,581.78,239.88,2481.07,CUST-1182,619
2023-09-12,2023,9,PROD-0995,Product 619,Electronics,8878.53,16,823.76,4575.48,4214.22,CUST-2062,620
2023-09-13,2023,9,PROD-0541,Product 620,Food,1899.79,8,55.36,4291.46,2541.86,CUST-0104,621
2023-09-14,2023,9,PROD-0884,Product 621,Sports,6001.37,18,494.31,2759.1,-2.65,CUST-1318,622
2023-09-15,2023,9,PROD-0999,Product 622,Home,1824.33,16,389.67,1040.24,606.7,CUST-3808,623
2023-09-16,2023,9,PROD-0498,Product 623,Clothing,4666.79,4,581.58,4837.21,819.7,CUST-2071,624
2023-09-17,2023,9,PROD-0662,Product 624,Electronics,7871.11,5,434.79,606.83,1039.28,CUST-0601,625
2023-09-18,2023,9,PROD-0420,Product 625,Sports,5631.11,3,883.28,4767.47,1848.11,CUST-1266,626
2023-09-19,2023,9,PROD-0177,Product 626,Home,4575.89,10,553.96,2163.34,843.9,CUST-0503,627
2023-09-20,2023,9,PROD-0597,Product 627,Clothing,6170.04,17,86.6,2541.97,1770.99,CUST-3733,628
2023-09-21,2023,9,PROD-0429,Product 628,Food,1254.76,3,897.24,2591.22,3972.25,CUST-1716,629
2023-09-22,2023,9,PROD-0431,Product 629,Home,4131.17,8,651.75,2818.81,1708.87,CUST-2385,630
2023-09-23,2023,9,PROD-0878,Product 630,Clothing,4178.64,18,700.04,692.1,1641.14,CUST-2169,631
2023-09-24,2023,9,PROD-0625,Product 631,Food,4381.16,16,524.29,420.65,4669.75,CUST-1418,632
2023-09-25,2023,9,PROD-0918,Product 632,Food,1877.91,16,395.21,2630.9,3348.95,CUST-0654,633
2023-09-26,2023,9,PROD-0819,Product 633,Home,9459.16,8,841.03,4522.93,1222.95,CUST-4954,634
2023-09-27,2023,9,PROD-0419,Product 634,Sports,9885.33,1,104.73,3485.13,3494.76,CUST-3011,635
2023-09-28,2023,9,PROD-0955,Product 635,Clothing,2606.56,2,818.06,221.1,1519.06,CUST-1452,636
2023-09-29,2023,9,PROD-0397,Product 636,Home,4801.45,2,600.06,992.15,1167.7,CUST-3958,637
2023-09-30,2023,9,PROD-0495,Product 637,Clothing,2382.53,18,992.71,1354.26,1844.32,CUST-2349,638
2023-10-01,2023,10,PROD-0909,Product 638,Clothing,3409.22,6,923.94,1841.56,4109.37,CUST-4385,639
2023-10-02,2023,10,PROD-0137,Product 639,Home,6080.22,2,490.74,728.14,3903.59,CUST-2894,640
2023-10-03,2023,10,PROD-0170,Product 640,Clothing,8435.52,13,716.5,4563.86,2230.94,CUST-2535,641
2023-10-04,2023,10,PROD-0421,Product 641,Home,4414.53,10,311.27,4986.09,-427.38,CUST-1202,642
2023-10-05,2023,10,PROD-0785,Product 642,Sports,2160.93,5,56.56,3524.27,683.29,CUST-3441,643
2023-10-06,2023,10,PROD-0837,Product 643,Clothing,9212.6,3,679.48,262.12,2461.65,CUST-0026,644
2023-10-07,2023,10,PROD-0773,Product 644,Food,8652.42,14,160.86,1992.27,4381.48,CUST-1695,645
2023-10-08,2023,10,PROD-0817,Product 645,Sports,6922.92,19,456.48,1341.27,220.63,CUST-3472,646
2023-10-09,2023,10,PROD-0606,Product 646,Electronics,7226.74,17,850.55,2967.11,3130.28,CUST-4130,647
2023-10-10,2023,10,PROD-0006,Product 647,Home,7965.61,11,82.38,3419.14,2753.61,CUST-1672,648
2023-10-11,2023,10,PROD-0779,Product 648,Food,5308.52,1,874.24,4779.18,106.3,CUST-2655,649
2023-10-12,2023,10,PROD-0515,Product 649,Sports,4518.49,14,119.3,1595.07,3284.47,CUST-1789,650
2023-10-13,2023,10,PROD-0248,Product 650,Food,6254.42,14,46.51,4708.51,228.33,CUST-0616,651
2023-10-14,2023,10,PROD-0724,Product 651,Sports,8282.35,9,675.66,2805.52,1544.13,CUST-1695,652
2023-10-15,2023,10,PROD-0714,Product 652,Sports,6861.7,6,464.29,296.41,3219.06,CUST-4151,653
2023-10-16,2023,10,PROD-0552,Product 653,Food,9834.79,14,311.76,871.73,4112.13,CUST-2605,654
2023-10-17,2023,10,PROD-0160,Product 654,Sports,8457.96,15,865.75,3928.78,2201.36,CUST-4644,655
2023-10-18,2023,10,PROD-0424,Product 655,Clothing,3371.8,12,507.43,702.78,4708.52,CUST-4286,656
2023-10-19,2023,10,PROD-0753,Product 656,Food,1010.23,15,789.96,2906.11,2785.03,CUST-3479,657
2023-10-20,2023,10,PROD-0888,Product 657,Electronics,4932.93,7,312.97,375.99,2839.0,CUST-1079,658
2023-10-21,2023,10,PROD-0038,Product 658,Clothing,6511.96,10,886.91,2708.89,2131.76,CUST-0839,659
2023-10-22,2023,10,PROD-0876,Product 659,Electronics,3076.93,9,974.13,200.96,1449.73,CUST-3728,660
2023-10-23,2023,10,PROD-0293,Product 660,Clothing,9547.57,2,848.7,2778.88,340.32,CUST-2594,661
2023-10-24,2023,10,PROD-0484,Product 661,Sports,4337.35,11,972.59,2504.2,209.27,CUST-2089,662
2023-10-25,2023,10,PROD-0456,Product 662,Sports,7083.66,10,854.72,3333.84,-74.09,CUST-2126,663
2023-10-26,2023,10,PROD-0665,Product 663,Electronics,5859.77,13,767.77,1319.6,3262.69,CUST-1175,664
2023-10-27,2023,10,PROD-0893,Product 664,Home,9164.33,3,164.31,574.8,1124.14,CUST-0068,665
2023-10-28,2023,10,PROD-0126,Product 665,Electronics,7806.26,3,673.37,1729.69,4452.43,CUST-0074,666
2023-10-29,2023,10,PROD-0821,Product 666,Clothing,8181.87,13,594.67,774.84,4623.18,CUST-1149,667
2023-10-30,2023,10,PROD-0728,Product 667,Food,7937.86,16,708.35,4543.53,3518.46,CUST-2702,668
2023-10-31,2023,10,PROD-0374,Product 668,Sports,1143.2,3,251.15,1488.67,2937.29,CUST-4530,669
2023-11-01,2023,11,PROD-0488,Product 669,Electronics,8169.52,13,960.94,1360.92,2624.63,CUST-0747,670
2023-11-02,2023,11,PROD-0313,Product 670,Sports,4021.77,17,894.33,991.09,249.56,CUST-0334,671
2023-11-03,2023,11,PROD-0403,Product 671,Sports,7428.56,2,658.76,2569.21,3237.1,CUST-0010,672
2023-11-04,2023,11,PROD-0364,Product 672,Home,1534.8,2,568.46,2138.35,3686.41,CUST-0859,673
2023-11-05,2023,11,PROD-0603,Product 673,Sports,4007.61,3,620.29,4677.99,1881.67,CUST-3737,674
2023-11-06,2023,11,PROD-0764,Product 674,Food,5203.06,15,586.48,3034.64,3625.22,CUST-0084,675
2023-11-07,2023,11,PROD-0352,Product 675,Food,112.19,16,498.75,2849.9,935.9,CUST-3628,676
2023-11-08,2023,11,PROD-0770,Product 676,Food,2028.51,19,118.52,4747.51,3965.03,CUST-0830,677
2023-11-09,2023,11,PROD-0484,Product 677,Clothing,7778.33,7,667.83,749.28,1972.23,CUST-0796,678
2023-11-10,2023,11,PROD-0603,Product 678,Clothing,3446.73,9,528.97,1264.92,-138.56,CUST-3649,679
2023-11-11,2023,11,PROD-0758,Product 679,Home,2389.83,19,519.56,3483.79,2482.09,CUST-2179,680
2023-11-12,2023,11,PROD-0959,Product 680,Home,9845.44,9,213.22,3878.77,6.9,CUST-2203,681
2023-11-13,2023,11,PROD-0756,Product 681,Food,8252.15,17,982.93,2110.51,191.69,CUST-1785,682
2023-11-14,2023,11,PROD-0009,Product 682,Electronics,434.08,4,943.63,1155.49,3898.35,CUST-2341,683
2023-11-15,2023,11,PROD-0842,Product 683,Food,8879.83,1,529.58,2344.33,2338.23,CUST-4344,684
2023-11-16,2023,11,PROD-0879,Product 684,Clothing,796.18,19,532.56,4302.63,4780.42,CUST-4264,685
2023-11-17,2023,11,PROD-0222,Product 685,Clothing,6881.78,1,651.27,1198.74,3992.22,CUST-3742,686
2023-11-18,2023,11,PROD-0998,Product 686,Clothing,6903.04,15,290.11,3036.7,2915.54,CUST-0645,687
2023-11-19,2023,11,PROD-0250,Product 687,Clothing,1466.31,7,525.37,1743.06,1303.81,CUST-3489,688
2023-11-20,2023,11,PROD-0877,Product 688,Sports,3187.47,11,267.88,4716.16,3501.37,CUST-0725,689
2023-11-21,2023,11,PROD-0781,Product 689,Home,407.49,4,366.57,2585.66,833.99,CUST-1085,690
2023-11-22,2023,11,PROD-0677,Product 690,Electronics,2075.19,13,403.81,1262.05,2352.35,CUST-4578,691
2023-11-23,2023,11,PROD-0038,Product 691,Clothing,3672.23,19,918.94,361.08,2058.64,CUST-4680,692
2023-11-24,2023,11,PROD-0855,Product 692,Food,9517.02,8,827.32,3893.59,4651.74,CUST-2521,693
2023-11-25,2023,11,PROD-0462,Product 693,Home,4748.34,5,148.42,119.76,1240.93,CUST-0676,694
2023-11-26,2023,11,PROD-0531,Product 694,Clothing,5476.8,6,744.66,74.98,2978.83,CUST-2471,695
2023-11-27,2023,11,PROD-0308,Product 695,Electronics,3828.13,6,934.85,2671.87,630.17,CUST-1585,696
2023-11-28,2023,11,PROD-0921,Product 696,Electronics,7250.51,4,973.03,4799.06,1061.64,CUST-4353,697
2023-11-29,2023,11,PROD-0926,Product 697,Sports,1120.15,11,31.66,2420.8,-188.56,CUST-0834,698
2023-11-30,2023,11,PROD-0978,Product 698,Clothing,6088.07,2,871.92,1783.95,380.41,CUST-2760,699
2023-12-01,2023,12,PROD-0039,Product 699,Clothing,2961.73,13,232.5,2410.44,948.9,CUST-4973,700
2023-12-02,2023,12,PROD-0154,Product 700,Electronics,6339.86,16,855.09,975.81,-290.6,CUST-1413,701
2023-12-03,2023,12,PROD-0120,Product 701,Home,6955.49,17,320.67,4032.61,3584.61,CUST-0864,702
2023-12-04,2023,12,PROD-0163,Product 702,Sports,702.83,6,245.73,2513.4,3674.43,CUST-0646,703
2023-12-05,2023,12,PROD-0059,Product 703,Clothing,5348.52,7,117.68,1936.32,1217.4,CUST-2328,704
2023-12-06,2023,12,PROD-0682,Product 704,Clothing,4382.93,16,109.02,3795.91,2355.03,CUST-0481,705
2023-12-07,2023,12,PROD-0144,Product 705,Electronics,3238.06,18,310.01,815.99,1910.02,CUST-0554,706
2023-12-08,2023,12,PROD-0308,Product 706,Electronics,1616.35,13,787.65,3902.05,427.99,CUST-0918,707
2023-12-09,2023,12,PROD-0425,Product 707,Clothing,9988.48,7,700.1,4409.26,-232.43,CUST-2117,708
2023-12-10,2023,12,PROD-0869,Product 708,Home,4982.35,8,249.19,4349.83,234.82,CUST-0050,709
2023-12-11,2023,12,PROD-0784,Product 709,Clothing,9127.65,15,427.1,1168.05,34.47,CUST-1788,710
2023-12-12,2023,12,PROD-0519,Product 710,Food,411.67,10,276.15,197.35,3641.22,CUST-0476,711
2023-12-13,2023,12,PROD-0093,Product 711,Food,5147.04,8,155.85,4548.09,3579.78,CUST-0477,712
2023-12-14,2023,12,PROD-0164,Product 712,Food,3887.39,16,251.54,2159.67,48.4,CUST-2542,713
2023-12-15,2023,12,PROD-0971,Product 713,Clothing,7415.77,14,526.63,3225.19,2773.84,CUST-2980,714
2023-12-16,2023,12,PROD-0553,Product 714,Food,5504.44,8,562.48,1173.4,355.8,CUST-0079,715
2023-12-17,2023,12,PROD-0705,Product 715,Electronics,9484.47,12,885.02,3742.98,689.2,CUST-0633,716
2023-12-18,2023,12,PROD-0714,Product 716,Clothing,8899.62,1,260.99,4441.84,242.56,CUST-3486,717
2023-12-19,2023,12,PROD-0151,Product 717,Home,4097.46,12,604.42,4888.02,-224.9,CUST-0352,718
2023-12-20,2023,12,PROD-0416,Product 718,Home,2582.73,2,72.68,4331.63,116.29,CUST-1762,719
2023-12-21,2023,12,PROD-0170,Product 719,Clothing,4699.84,17,450.03,4203.18,358.25,CUST-1965,720
2023-12-22,2023,12,PROD-0672,Product 720,Clothing,7006.32,14,709.2,3331.32,2023.47,CUST-2762,721
2023-12-23,2023,12,PROD-0723,Product 721,Electronics,6546.93,6,144.18,3485.05,3220.93,CUST-3371,722
2023-12-24,2023,12,PROD-0712,Product 722,Food,4997.02,2,280.65,924.83,4651.25,CUST-4489,723
2023-12-25,2023,12,PROD-0669,Product 723,Food,8962.89,7,984.2,4993.84,1303.33,CUST-2957,724
2023-12-26,2023,12,PROD-0090,Product 724,Sports,5919.76,12,338.83,3013.02,113.04,CUST-1856,725
2023-12-27,2023,12,PROD-0745,Product 725,Clothing,5329.37,13,817.94,517.88,-36.34,CUST-2687,726
2023-12-28,2023,12,PROD-0122,Product 726,Sports,2779.55,16,864.36,2008.34,1468.5,CUST-0448,727
2023-12-29,2023,12,PROD-0690,Product 727,Food,8199.77,13,449.06,3860.4,-388.03,CUST-2606,728
2023-12-30,2023,12,PROD-0434,Product 728,Electronics,1644.39,11,292.35,446.3,2707.81,CUST-2138,729
2023-12-31,2023,12,PROD-0366,Product 729,Sports,8256.47,8,114.48,162.53,3726.32,CUST-1770,730
2023-01-01,2023,1,PROD-0786,Product 730,Sports,3922.71,3,76.73,776.81,748.44,CUST-2322,731
2023-01-02,2023,1,PROD-0967,Product 731,Clothing,1354.36,5,17.3,234.89,1569.85,CUST-1737,732
2023-01-03,2023,1,PROD-0352,Product 732,Sports,4286.72,10,47.81,4973.6,4248.89,CUST-0371,733
2023-01-04,2023,1,PROD-0720,Product 733,Clothing,6629.34,14,312.73,161.97,761.33,CUST-3009,734
2023-01-05,2023,1,PROD-0314,Product 734,Food,3631.19,13,69.72,277.56,138.56,CUST-0725,735
2023-01-06,2023,1,PROD-0516,Product 735,Sports,9882.38,19,411.21,2700.31,4375.44,CUST-4757,736
2023-01-07,2023,1,PROD-0173,Product 736,Electronics,5258.09,17,216.07,1142.55,3349.26,CUST-0368,737
2023-01-08,2023,1,PROD-0493,Product 737,Clothing,2942.94,13,352.1,689.07,600.05,CUST-1565,738
2023-01-09,2023,1,PROD-0461,Product 738,Home,4066.71,15,944.91,2304.17,-249.36,CUST-2606,739
2023-01-10,2023,1,PROD-0415,Product 739,Sports,754.32,15,249.77,943.41,784.66,CUST-0343,740
2023-01-11,2023,1,PROD-0124,Product 740,Clothing,5430.07,8,812.59,2253.4,916.48,CUST-3294,741
2023-01-12,2023,1,PROD-0696,Product 741,Food,9969.51,2,908.44,3879.64,4042.66,CUST-3074,742
2023-01-13,2023,1,PROD-0113,Product 742,Home,3879.59,3,214.9,4319.3,23.22,CUST-4560,743
2023-01-14,2023,1,PROD-0835,Product 743,Electronics,6337.97,7,86.68,1103.59,4551.47,CUST-2138,744
2023-01-15,2023,1,PROD-0200,Product 744,Electronics,7384.8,4,795.12,4364.64,2765.39,CUST-0608,745
2023-01-16,2023,1,PROD-0594,Product 745,Food,7353.51,9,369.08,610.32,-462.19,CUST-1972,746
2023-01-17,2023,1,PROD-0781,Product 746,Food,8517.93,12,936.88,1078.16,757.37,CUST-1760,747
2023-01-18,2023,1,PROD-0714,Product 747,Sports,7540.13,18,864.77,727.85,2393.11,CUST-1834,748
2023-01-19,2023,1,PROD-0045,Product 748,Food,1236.82,14,528.75,399.96,1301.08,CUST-4731,749
2023-01-20,2023,1,PROD-0396,Product 749,Clothing,9703.25,15,943.39,4235.04,2513.89,CUST-3494,750
2023-01-21,2023,1,PROD-0082,Product 750,Electronics,329.75,2,329.73,1949.53,1851.51,CUST-1097,751
2023-01-22,2023,1,PROD-0732,Product 751,Sports,552.95,1,377.93,1460.53,2181.21,CUST-0336,752
2023-01-23,2023,1,PROD-0388,Product 752,Clothing,5655.74,14,962.63,1945.0,2567.84,CUST-2769,753
2023-01-24,2023,1,PROD-0825,Product 753,Clothing,4380.75,16,813.26,3686.07,4004.38,CUST-3361,754
2023-01-25,2023,1,PROD-0191,Product 754,Electronics,5300.41,13,118.79,3242.64,-431.38,CUST-0171,755
2023-01-26,2023,1,PROD-0233,Product 755,Electronics,9389.58,3,787.96,4234.18,918.5,CUST-3739,756
2023-01-27,2023,1,PROD-0214,Product 756,Sports,564.27,16,555.01,3889.62,205.47,CUST-1598,757
2023-01-28,2023,1,PROD-0638,Product 757,Sports,7492.44,14,39.57,4985.29,388.44,CUST-0745,758
2023-01-29,2023,1,PROD-0112,Product 758,Home,2202.37,10,690.3,2245.07,4713.45,CUST-3162,759
2023-01-30,2023,1,PROD-0236,Product 759,Sports,9495.57,17,129.32,4705.22,830.22,CUST-1634,760
2023-01-31,2023,1,PROD-0641,Product 760,Sports,7932.94,17,74.0,1938.35,3174.55,CUST-2259,761
2023-02-01,2023,2,PROD-0332,Product 761,Sports,4909.57,17,279.85,2791.49,1312.44,CUST-3580,762
2023-02-02,2023,2,PROD-0987,Product 762,Home,7656.75,18,669.61,3343.42,1930.75,CUST-0431,763
2023-02-03,2023,2,PROD-0495,Product 763,Sports,5319.18,7,952.35,331.72,1948.64,CUST-0088,764
2023-02-04,2023,2,PROD-0305,Product 764,Home,668.27,7,531.7,2369.02,1531.78,CUST-0968,765
2023-02-05,2023,2,PROD-0851,Product 765,Clothing,2130.28,2,737.08,1792.18,1933.41,CUST-0721,766
2023-02-06,2023,2,PROD-0540,Product 766,Clothing,1381.29,2,342.58,2988.54,1007.31,CUST-1330,767
2023-02-07,2023,2,PROD-0177,Product 767,Clothing,9376.73,5,828.19,273.06,324.36,CUST-1841,768
2023-02-08,2023,2,PROD-0700,Product 768,Home,2688.75,12,506.23,3165.29,2425.94,CUST-4680,769
2023-02-09,2023,2,PROD-0389,Product 769,Home,3288.43,6,434.49,1715.22,-55.47,CUST-3095,770
2023-02-10,2023,2,PROD-0051,Product 770,Food,8052.3,10,983.25,4981.95,4663.64,CUST-2168,771
2023-02-11,2023,2,PROD-0284,Product 771,Sports,4854.62,12,902.59,225.11,2742.04,CUST-4973,772
2023-02-12,2023,2,PROD-0505,Product 772,Food,5303.83,13,706.89,2414.2,4624.71,CUST-2688,773
2023-02-13,2023,2,PROD-0228,Product 773,Sports,8961.04,10,308.02,3439.5,247.97,CUST-0740,774
2023-02-14,2023,2,PROD-0554,Product 774,Electronics,4007.13,10,231.43,4464.96,4263.14,CUST-4585,775
2023-02-15,2023,2,PROD-0590,Product 775,Home,6461.23,18,584.71,1788.65,2124.85,CUST-2802,776
2023-02-16,2023,2,PROD-0452,Product 776,Electronics,2449.53,18,127.66,2686.87,2192.62,CUST-0416,777
2023-02-17,2023,2,PROD-0546,Product 777,Electronics,6001.24,14,24.88,1153.09,4100.43,CUST-4335,778
2023-02-18,2023,2,PROD-0611,Product 778,Clothing,982.5,14,851.7,2826.57,-184.68,CUST-4209,779
2023-02-19,2023,2,PROD-0294,Product 779,Electronics,1872.63,11,502.63,1607.13,4413.1,CUST-0963,780
2023-02-20,2023,2,PROD-0273,Product 780,Clothing,8926.16,12,399.41,3024.58,4083.67,CUST-2000,781
2023-02-21,2023,2,PROD-0478,Product 781,Sports,575.44,19,764.71,164.0,3601.98,CUST-3369,782
2023-02-22,2023,2,PROD-0253,Product 782,Sports,3206.14,19,166.11,3093.17,1230.62,CUST-2389,783
2023-02-23,2023,2,PROD-0439,Product 783,Electronics,8197.6,9,671.51,1283.65,902.37,CUST-0796,784
2023-02-24,2023,2,PROD-0902,Product 784,Home,9791.02,6,12.03,1674.08,998.53,CUST-4350,785
2023-02-25,2023,2,PROD-0817,Product 785,Electronics,7682.03,16,586.53,4628.29,1546.17,CUST-1159,786
2023-02-26,2023,2,PROD-0089,Product 786,Home,2826.78,10,241.52,4327.38,2452.87,CUST-1379,787
2023-02-27,2023,2,PROD-0596,Product 787,Home,2840.12,1,44.38,1154.8,3250.51,CUST-0673,788
2023-02-28,2023,2,PROD-0400,Product 788,Clothing,9861.93,16,740.56,1053.39,3143.72,CUST-3981,789
2023-03-01,2023,3,PROD-0532,Product 789,Home,9082.48,19,615.4,1001.24,574.63,CUST-1156,790
2023-03-02,2023,3,PROD-0365,Product 790,Electronics,9450.88,1,993.14,357.47,3302.32,CUST-4192,791
2023-03-03,2023,3,PROD-0849,Product 791,Electronics,1554.79,9,291.51,135.97,1734.52,CUST-4908,792
2023-03-04,2023,3,PROD-0190,Product 792,Clothing,6764.74,18,146.87,4503.95,2699.52,CUST-2607,793
2023-03-05,2023,3,PROD-0775,Product 793,Electronics,162.57,4,55.08,4613.73,1110.39,CUST-1551,794
2023-03-06,2023,3,PROD-0338,Product 794,Electronics,1685.41,6,410.64,3518.59,1233.63,CUST-0167,795
2023-03-07,2023,3,PROD-0312,Product 795,Sports,9375.71,9,594.27,1669.68,3173.21,CUST-0637,796
2023-03-08,2023,3,PROD-0024,Product 796,Food,8101.54,12,95.15,2360.45,3063.55,CUST-0239,797
2023-03-09,2023,3,PROD-0602,Product 797,Clothing,6202.86,17,106.59,4108.95,2435.01,CUST-3696,798
2023-03-10,2023,3,PROD-0189,Product 798,Sports,4626.87,15,793.46,1762.47,2350.07,CUST-1563,799
2023-03-11,2023,3,PROD-0433,Product 799,Sports,5593.57,15,421.27,1183.56,4075.29,CUST-3620,800
2023-03-12,2023,3,PROD-0329,Product 800,Electronics,6240.23,18,497.22,1948.16,4219.69,CUST-1283,801
2023-03-13,2023,3,PROD-0798,Product 801,Electronics,2976.69,8,690.88,1008.17,-492.23,CUST-2428,802
2023-03-14,2023,3,PROD-0220,Product 802,Clothing,3204.03,16,263.58,4887.55,3253.78,CUST-0967,803
2023-03-15,2023,3,PROD-0674,Product 803,Electronics,1843.09,1,422.5,4401.35,2019.49,CUST-0564,804
2023-03-16,2023,3,PROD-0611,Product 804,Electronics,4682.6,13,130.22,4504.73,3642.91,CUST-2120,805
2023-03-17,2023,3,PROD-0817,Product 805,Sports,9635.49,12,357.38,3935.53,4700.04,CUST-2333,806
2023-03-18,2023,3,PROD-0113,Product 806,Sports,1142.08,16,280.99,1315.16,3640.99,CUST-0098,807
2023-03-19,2023,3,PROD-0998,Product 807,Sports,3891.51,1,63.01,1842.97,-451.76,CUST-3514,808
2023-03-20,2023,3,PROD-0341,Product 808,Food,6897.34,11,900.47,727.84,2325.24,CUST-4884,809
2023-03-21,2023,3,PROD-0577,Product 809,Home,5344.48,8,99.86,3292.21,-40.56,CUST-2783,810
2023-03-22,2023,3,PROD-0406,Product 810,Home,6695.28,14,703.94,4755.58,3857.02,CUST-0923,811
2023-03-23,2023,3,PROD-0472,Product 811,Sports,560.72,8,109.81,2081.78,4895.32,CUST-2696,812
2023-03-24,2023,3,PROD-0384,Product 812,Clothing,3246.0,8,197.63,3321.45,3581.95,CUST-2722,813
2023-03-25,2023,3,PROD-0943,Product 813,Electronics,4982.62,4,259.58,4601.68,381.53,CUST-0284,814
2023-03-26,2023,3,PROD-0638,Product 814,Electronics,1385.11,5,184.17,4613.36,3191.96,CUST-2180,815
2023-03-27,2023,3,PROD-0519,Product 815,Clothing,1474.28,5,980.53,294.27,3998.56,CUST-1745,816
2023-03-28,2023,3,PROD-0904,Product 816,Food,9613.63,5,268.85,4742.92,885.0,CUST-3456,817
2023-03-29,2023,3,PROD-0403,Product 817,Clothing,8872.47,12,795.86,2074.38,419.93,CUST-0073,818
2023-03-30,2023,3,PROD-0261,Product 818,Clothing,2782.71,11,265.68,4294.42,4808.02,CUST-3909,819
2023-03-31,2023,3,PROD-0841,Product 819,Clothing,4728.37,13,939.22,4600.59,-207.59,CUST-4644,820
2023-04-01,2023,4,PROD-0472,Product 820,Home,5675.47,4,250.61,297.57,2514.75,CUST-3517,821
2023-04-02,2023,4,PROD-0211,Product 821,Home,9074.65,8,334.65,3653.02,4202.77,CUST-4556,822
2023-04-03,2023,4,PROD-0638,Product 822,Sports,6382.67,12,948.56,1965.61,2500.95,CUST-2542,823
2023-04-04,2023,4,PROD-0436,Product 823,Sports,3744.67,6,194.91,4400.99,909.37,CUST-0838,824
2023-04-05,2023,4,PROD-0360,Product 824,Home,1989.51,16,43.88,1103.85,1546.89,CUST-3922,825
2023-04-06,2023,4,PROD-0595,Product 825,Sports,9098.83,8,538.92,3431.15,862.25,CUST-2648,826
2023-04-07,2023,4,PROD-0342,Product 826,Clothing,2511.12,13,611.7,2554.5,413.06,CUST-2662,827
2023-04-08,2023,4,PROD-0737,Product 827,Electronics,6402.22,6,95.47,602.41,4138.31,CUST-4655,828
2023-04-09,2023,4,PROD-0984,Product 828,Sports,8438.41,8,844.87,1092.39,146.29,CUST-4657,829
2023-04-10,2023,4,PROD-0044,Product 829,Sports,8023.58,6,611.7,1212.94,4004.81,CUST-2946,830
2023-04-11,2023,4,PROD-0652,Product 830,Home,1632.29,13,486.52,4609.59,2404.3,CUST-3382,831
2023-04-12,2023,4,PROD-0585,Product 831,Sports,2427.73,6,361.0,334.7,636.54,CUST-3528,832
2023-04-13,2023,4,PROD-0709,Product 832,Clothing,5022.91,19,718.1,4236.46,4682.66,CUST-4680,833
2023-04-14,2023,4,PROD-0627,Product 833,Home,9310.88,5,653.79,2896.48,1581.02,CUST-0695,834
2023-04-15,2023,4,PROD-0580,Product 834,Home,1635.03,7,162.56,3069.7,4705.7,CUST-3135,835
2023-04-16,2023,4,PROD-0383,Product 835,Food,5125.13,10,692.29,1570.42,3522.59,CUST-3170,836
2023-04-17,2023,4,PROD-0656,Product 836,Home,4887.33,2,725.86,1997.22,2219.64,CUST-1861,837
2023-04-18,2023,4,PROD-0833,Product 837,Food,1735.95,5,162.77,795.45,2250.34,CUST-3709,838
2023-04-19,2023,4,PROD-0267,Product 838,Home,9852.75,8,899.19,4271.73,4310.52,CUST-1962,839
2023-04-20,2023,4,PROD-0170,Product 839,Home,1636.83,14,248.38,3759.04,1376.24,CUST-2196,840
2023-04-21,2023,4,PROD-0567,Product 840,Home,3992.46,12,161.82,4125.09,4954.05,CUST-2419,841
2023-04-22,2023,4,PROD-0530,Product 841,Electronics,7115.63,15,720.85,3212.99,850.45,CUST-0671,842
2023-04-23,2023,4,PROD-0174,Product 842,Food,7418.53,9,670.26,1025.55,1120.15,CUST-1877,843
2023-04-24,2023,4,PROD-0413,Product 843,Clothing,4048.06,13,347.68,3880.33,4552.47,CUST-3563,844
2023-04-25,2023,4,PROD-0723,Product 844,Sports,2661.95,17,151.21,3078.38,4589.69,CUST-1498,845
2023-04-26,2023,4,PROD-0156,Product 845,Food,4604.73,2,25.01,555.98,1288.19,CUST-2733,846
2023-04-27,2023,4,PROD-0141,Product 846,Home,2153.67,11,773.45,1626.29,3292.69,CUST-3317,847
2023-04-28,2023,4,PROD-0063,Product 847,Electronics,8947.35,13,952.05,1867.12,4248.85,CUST-0952,848
2023-04-29,2023,4,PROD-0020,Product 848,Clothing,3494.03,6,771.2,1800.76,-426.89,CUST-3315,849
2023-04-30,2023,4,PROD-0309,Product 849,Food,913.6,4,719.05,1206.14,3397.29,CUST-1321,850
2023-05-01,2023,5,PROD-0526,Product 850,Sports,5351.14,9,428.5,1161.29,1015.0,CUST-3268,851
2023-05-02,2023,5,PROD-0643,Product 851,Food,6442.02,14,966.79,3058.66,2070.45,CUST-3104,852
2023-05-03,2023,5,PROD-0284,Product 852,Food,4766.17,2,974.12,413.39,3673.45,CUST-1648,853
2023-05-04,2023,5,PROD-0550,Product 853,Home,8855.09,16,798.08,3168.06,4591.37,CUST-4052,854
2023-05-05,2023,5,PROD-0436,Product 854,Clothing,1742.48,4,904.53,964.58,3972.96,CUST-3731,855
2023-05-06,2023,5,PROD-0143,Product 855,Clothing,5576.31,3,653.12,2628.41,2654.22,CUST-1879,856
2023-05-07,2023,5,PROD-0368,Product 856,Home,478.87,7,162.37,3270.56,1266.55,CUST-1402,857
2023-05-08,2023,5,PROD-0175,Product 857,Clothing,4163.15,1,55.81,3611.21,3275.02,CUST-1935,858
2023-05-09,2023,5,PROD-0192,Product 858,Clothing,5927.25,13,807.71,2746.93,4732.72,CUST-1420,859
2023-05-10,2023,5,PROD-0071,Product 859,Electronics,8188.27,2,324.96,4033.06,2875.83,CUST-0694,860
2023-05-11,2023,5,PROD-0204,Product 860,Clothing,978.3,9,984.89,3540.4,336.67,CUST-3845,861
2023-05-12,2023,5,PROD-0592,Product 861,Home,7882.82,8,354.77,1321.1,2335.31,CUST-2053,862
2023-05-13,2023,5,PROD-0151,Product 862,Clothing,4503.18,9,275.37,2933.78,1261.85,CUST-1400,863
2023-05-14,2023,5,PROD-0921,Product 863,Food,3681.36,14,926.48,1978.9,1628.3,CUST-1625,864
2023-05-15,2023,5,PROD-0432,Product 864,Home,6060.22,10,911.86,2127.42,1886.22,CUST-1198,865
2023-05-16,2023,5,PROD-0331,Product 865,Clothing,9559.27,4,259.63,4112.84,1182.15,CUST-3312,866
2023-05-17,2023,5,PROD-0992,Product 866,Electronics,7236.26,8,915.58,1927.8,1297.16,CUST-0703,867
2023-05-18,2023,5,PROD-0318,Product 867,Home,2259.68,11,421.03,2749.35,1066.71,CUST-2076,868
2023-05-19,2023,5,PROD-0301,Product 868,Home,8708.35,8,454.0,4812.05,3182.9,CUST-0789,869
2023-05-20,2023,5,PROD-0477,Product 869,Home,390.38,4,234.4,439.16,1280.42,CUST-0616,870
2023-05-21,2023,5,PROD-0256,Product 870,Food,6890.09,3,57.56,2958.9,1806.26,CUST-2033,871
2023-05-22,2023,5,PROD-0974,Product 871,Electronics,4508.83,8,434.6,3962.56,-216.09,CUST-0233,872
2023-05-23,2023,5,PROD-0115,Product 872,Sports,1001.65,17,35.06,2336.23,3565.3,CUST-2698,873
2023-05-24,2023,5,PROD-0206,Product 873,Clothing,1606.69,2,276.42,4534.57,4748.23,CUST-3968,874
2023-05-25,2023,5,PROD-0307,Product 874,Clothing,9213.57,17,780.14,2633.45,3048.71,CUST-1709,875
2023-05-26,2023,5,PROD-0259,Product 875,Electronics,8847.99,12,401.53,2361.45,2021.2,CUST-4227,876
2023-05-27,2023,5,PROD-0692,Product 876,Electronics,509.53,4,603.3,2262.18,3043.35,CUST-3284,877
2023-05-28,2023,5,PROD-0707,Product 877,Sports,752.03,6,672.77,1668.18,4776.95,CUST-3922,878
2023-05-29,2023,5,PROD-0346,Product 878,Food,6678.26,14,514.26,3690.45,2644.49,CUST-1736,879
2023-05-30,2023,5,PROD-0577,Product 879,Clothing,8249.08,1,154.85,2007.93,3585.73,CUST-4431,880
2023-05-31,2023,5,PROD-0812,Product 880,Home,4415.8,3,550.42,110.39,-24.17,CUST-3391,881
2023-06-01,2023,6,PROD-0412,Product 881,Sports,1082.09,15,942.65,2077.85,1258.01,CUST-4726,882
2023-06-02,2023,6,PROD-0734,Product 882,Sports,5063.64,12,72.93,1075.88,3250.31,CUST-2663,883
2023-06-03,2023,6,PROD-0102,Product 883,Electronics,587.66,8,346.52,2458.68,-402.94,CUST-2127,884
2023-06-04,2023,6,PROD-0530,Product 884,Electronics,3470.16,8,336.69,967.73,2368.25,CUST-4864,885
2023-06-05,2023,6,PROD-0922,Product 885,Home,2747.38,9,242.51,598.29,164.8,CUST-3946,886
2023-06-06,2023,6,PROD-0831,Product 886,Sports,2843.87,17,27.21,2220.83,3719.53,CUST-0737,887
2023-06-07,2023,6,PROD-0305,Product 887,Clothing,6098.79,18,143.74,4960.39,-253.21,CUST-0210,888
2023-06-08,2023,6,PROD-0488,Product 888,Sports,3410.62,14,458.08,2236.33,2013.68,CUST-1392,889
2023-06-09,2023,6,PROD-0534,Product 889,Clothing,6648.35,11,51.82,4170.51,1577.56,CUST-0918,890
2023-06-10,2023,6,PROD-0275,Product 890,Clothing,9517.12,17,135.91,4966.23,4927.01,CUST-3017,891
2023-06-11,2023,6,PROD-0073,Product 891,Sports,3235.09,13,113.0,1914.28,4271.07,CUST-3923,892
2023-06-12,2023,6,PROD-0171,Product 892,Home,212.61,4,113.58,3233.49,4299.53,CUST-0909,893
2023-06-13,2023,6,PROD-0925,Product 893,Sports,6095.54,10,348.33,3279.2,4288.13,CUST-3180,894
2023-06-14,2023,6,PROD-0433,Product 894,Electronics,315.86,19,502.17,1727.35,1754.56,CUST-0700,895
2023-06-15,2023,6,PROD-0419,Product 895,Sports,3957.83,5,288.85,3281.47,1956.69,CUST-3488,896
2023-06-16,2023,6,PROD-0130,Product 896,Clothing,9591.8,5,894.71,72.6,-108.64,CUST-2934,897
2023-06-17,2023,6,PROD-0365,Product 897,Food,6697.71,16,366.3,2969.3,4676.08,CUST-3518,898
2023-06-18,2023,6,PROD-0295,Product 898,Clothing,3963.55,2,70.5,4144.18,2923.37,CUST-1090,899
2023-06-19,2023,6,PROD-0615,Product 899,Electronics,537.68,7,15.78,4096.4,1094.43,CUST-1921,900
2023-06-20,2023,6,PROD-0943,Product 900,Food,4406.05,10,560.86,1773.84,4381.42,CUST-4615,901
2023-06-21,2023,6,PROD-0067,Product 901,Clothing,2863.77,15,411.62,2174.7,905.94,CUST-1060,902
2023-06-22,2023,6,PROD-0264,Product 902,Home,8840.9,7,615.64,1045.92,1745.2,CUST-4057,903
2023-06-23,2023,6,PROD-0600,Product 903,Electronics,2625.57,10,434.64,2190.09,3839.71,CUST-1765,904
2023-06-24,2023,6,PROD-0493,Product 904,Electronics,6822.48,18,605.36,792.57,298.93,CUST-1821,905
2023-06-25,2023,6,PROD-0826,Product 905,Home,6944.06,17,728.84,652.4,2676.22,CUST-4352,906
2023-06-26,2023,6,PROD-0678,Product 906,Food,9792.1,9,38.14,2771.12,-351.8,CUST-2456,907
2023-06-27,2023,6,PROD-0558,Product 907,Clothing,408.23,17,432.32,939.41,528.94,CUST-1996,908
2023-06-28,2023,6,PROD-0537,Product 908,Sports,7456.71,16,119.88,1868.59,585.13,CUST-0795,909
2023-06-29,2023,6,PROD-0062,Product 909,Clothing,9488.15,11,662.84,4988.17,562.07,CUST-3193,910
2023-06-30,2023,6,PROD-0865,Product 910,Clothing,8147.75,12,560.59,1043.99,4121.43,CUST-3274,911
2023-07-01,2023,7,PROD-0659,Product 911,Sports,4348.85,18,169.17,1152.73,4254.61,CUST-0677,912
2023-07-02,2023,7,PROD-0260,Product 912,Sports,2808.21,6,698.93,2994.03,4483.84,CUST-0930,913
2023-07-03,2023,7,PROD-0412,Product 913,Home,6605.15,18,390.08,2569.61,2203.24,CUST-0985,914
2023-07-04,2023,7,PROD-0196,Product 914,Food,1482.57,13,362.78,373.8,3270.84,CUST-4791,915
2023-07-05,2023,7,PROD-0200,Product 915,Clothing,8834.58,11,262.99,4612.1,400.95,CUST-0069,916
2023-07-06,2023,7,PROD-0063,Product 916,Food,9061.94,10,950.59,87.36,1248.83,CUST-0254,917
2023-07-07,2023,7,PROD-0864,Product 917,Clothing,4720.43,18,585.25,4755.8,2011.69,CUST-2315,918
2023-07-08,2023,7,PROD-0427,Product 918,Food,8907.11,4,404.6,1574.01,-146.66,CUST-3549,919
2023-07-09,2023,7,PROD-0870,Product 919,Clothing,2051.69,7,535.78,333.12,3769.37,CUST-0601,920
2023-07-10,2023,7,PROD-0952,Product 920,Food,8266.14,5,767.89,2553.41,2390.93,CUST-0128,921
2023-07-11,2023,7,PROD-0240,Product 921,Food,1980.6,16,665.48,519.74,3173.49,CUST-4957,922
2023-07-12,2023,7,PROD-0424,Product 922,Sports,6713.91,7,782.35,4950.27,4074.98,CUST-4285,923
2023-07-13,2023,7,PROD-0229,Product 923,Electronics,6078.75,8,381.54,1964.99,-293.78,CUST-0980,924
2023-07-14,2023,7,PROD-0943,Product 924,Home,5746.46,18,764.84,966.5,-151.1,CUST-2855,925
2023-07-15,2023,7,PROD-0600,Product 925,Food,2263.53,10,978.69,4075.6,2876.09,CUST-2648,926
2023-07-16,2023,7,PROD-0165,Product 926,Clothing,1123.74,19,627.62,1119.32,-332.07,CUST-4273,927
2023-07-17,2023,7,PROD-0758,Product 927,Clothing,5722.88,12,931.88,4513.25,4776.09,CUST-2945,928
2023-07-18,2023,7,PROD-0096,Product 928,Food,4704.37,17,146.82,4015.8,2491.67,CUST-2838,929
2023-07-19,2023,7,PROD-0689,Product 929,Food,4774.32,10,480.66,2652.94,2828.83,CUST-0616,930
2023-07-20,2023,7,PROD-0323,Product 930,Sports,7168.4,2,608.94,4060.9,-133.13,CUST-2493,931
2023-07-21,2023,7,PROD-0542,Product 931,Home,8289.04,10,523.08,2662.43,2193.07,CUST-0543,932
2023-07-22,2023,7,PROD-0407,Product 932,Sports,6632.15,6,690.36,764.35,780.17,CUST-3048,933
2023-07-23,2023,7,PROD-0800,Product 933,Home,7213.71,17,298.31,3879.78,-226.73,CUST-1779,934
2023-07-24,2023,7,PROD-0551,Product 934,Sports,7812.62,9,783.09,2627.39,3580.89,CUST-1298,935
2023-07-25,2023,7,PROD-0589,Product 935,Food,794.65,19,114.89,1313.65,4814.29,CUST-0140,936
2023-07-26,2023,7,PROD-0043,Product 936,Sports,6552.06,17,472.45,2812.12,121.28,CUST-1813,937
2023-07-27,2023,7,PROD-0221,Product 937,Food,8162.83,5,345.63,2735.69,2916.86,CUST-3318,938
2023-07-28,2023,7,PROD-0479,Product 938,Food,8779.65,8,892.3,4282.35,4004.51,CUST-1781,939
2023-07-29,2023,7,PROD-0324,Product 939,Clothing,9854.75,9,889.66,204.78,4307.45,CUST-0714,940
2023-07-30,2023,7,PROD-0254,Product 940,Sports,7921.88,15,662.97,4075.3,296.74,CUST-3218,941
2023-07-31,2023,7,PROD-0729,Product 941,Sports,976.19,15,739.95,3859.77,159.74,CUST-0424,942
2023-08-01,2023,8,PROD-0795,Product 942,Electronics,9275.63,12,508.4,2119.25,734.18,CUST-0223,943
2023-08-02,2023,8,PROD-0791,Product 943,Food,5860.33,13,979.1,508.41,4059.04,CUST-4986,944
2023-08-03,2023,8,PROD-0767,Product 944,Home,2923.72,13,834.55,617.11,1084.13,CUST-1724,945
2023-08-04,2023,8,PROD-0974,Product 945,Electronics,1094.77,1,204.16,1500.62,4304.92,CUST-0402,946
2023-08-05,2023,8,PROD-0947,Product 946,Clothing,3603.46,17,455.99,1893.75,4955.08,CUST-3468,947
2023-08-06,2023,8,PROD-0337,Product 947,Electronics,4064.81,3,502.95,2491.47,263.04,CUST-4368,948
2023-08-07,2023,8,PROD-0333,Product 948,Food,4384.1,6,822.91,1667.25,4753.78,CUST-4115,949
2023-08-08,2023,8,PROD-0109,Product 949,Food,8691.25,15,268.24,3532.75,2444.88,CUST-2253,950
2023-08-09,2023,8,PROD-0011,Product 950,Sports,2056.97,5,915.95,3579.61,2534.67,CUST-2560,951
2023-08-10,2023,8,PROD-0217,Product 951,Sports,2822.03,18,450.89,3324.84,2325.04,CUST-2050,952
2023-08-11,2023,8,PROD-0835,Product 952,Sports,8048.65,3,664.34,3752.04,3714.65,CUST-3242,953
2023-08-12,2023,8,PROD-0791,Product 953,Home,167.15,16,825.55,3201.3,2756.33,CUST-3093,954
2023-08-13,2023,8,PROD-0771,Product 954,Electronics,7026.32,1,31.14,3841.43,3343.76,CUST-3184,955
2023-08-14,2023,8,PROD-0051,Product 955,Clothing,3719.38,14,20.92,3266.3,3489.68,CUST-4333,956
2023-08-15,2023,8,PROD-0933,Product 956,Food,7839.01,7,800.22,2639.06,3554.11,CUST-1217,957
2023-08-16,2023,8,PROD-0999,Product 957,Sports,5421.47,19,348.36,2188.94,3133.61,CUST-4347,958
2023-08-17,2023,8,PROD-0531,Product 958,Sports,1257.89,14,336.98,2702.77,2824.46,CUST-3204,959
2023-08-18,2023,8,PROD-0102,Product 959,Home,3660.65,17,51.2,802.61,-53.42,CUST-2217,960
2023-08-19,2023,8,PROD-0034,Product 960,Food,966.86,10,751.27,1756.9,2711.41,CUST-2646,961
2023-08-20,2023,8,PROD-0028,Product 961,Food,7237.66,6,378.34,414.12,4406.31,CUST-0092,962
2023-08-21,2023,8,PROD-0201,Product 962,Sports,4892.21,9,272.91,1142.97,1226.5,CUST-2963,963
2023-08-22,2023,8,PROD-0662,Product 963,Home,507.14,6,17.72,1283.98,3481.25,CUST-4156,964
2023-08-23,2023,8,PROD-0383,Product 964,Home,4052.33,4,97.55,3349.34,3321.96,CUST-0398,965
2023-08-24,2023,8,PROD-0081,Product 965,Sports,3367.68,19,362.22,2095.85,3596.3,CUST-3004,966
2023-08-25,2023,8,PROD-0055,Product 966,Clothing,6804.21,19,119.04,4457.02,4841.55,CUST-1469,967
2023-08-26,2023,8,PROD-0598,Product 967,Sports,1243.06,18,941.12,1740.46,3480.5,CUST-4357,968
2023-08-27,2023,8,PROD-0891,Product 968,Electronics,5522.57,18,969.2,3330.33,-247.82,CUST-4130,969
2023-08-28,2023,8,PROD-0018,Product 969,Sports,3152.73,17,464.15,2246.44,645.69,CUST-3215,970
2023-08-29,2023,8,PROD-0852,Product 970,Sports,8282.74,19,439.04,4740.32,2561.85,CUST-0645,971
2023-08-30,2023,8,PROD-0821,Product 971,Food,180.13,9,651.59,4364.38,3984.07,CUST-4406,972
2023-08-31,2023,8,PROD-0146,Product 972,Electronics,965.56,16,811.86,1900.59,3662.53,CUST-0303,973
2023-09-01,2023,9,PROD-0945,Product 973,Food,7781.25,10,132.96,4907.51,3208.26,CUST-4116,974
2023-09-02,2023,9,PROD-0982,Product 974,Electronics,9277.7,4,783.1,4379.89,851.48,CUST-0042,975
2023-09-03,2023,9,PROD-0757,Product 975,Clothing,6976.47,5,340.09,3682.02,1099.29,CUST-0114,976
2023-09-04,2023,9,PROD-0688,Product 976,Electronics,3848.71,2,33.07,2894.3,-101.3,CUST-1743,977
2023-09-05,2023,9,PROD-0893,Product 977,Home,5125.82,13,206.97,1637.0,1496.9,CUST-2272,978
2023-09-06,2023,9,PROD-0890,Product 978,Electronics,1967.16,11,500.94,1315.02,3469.4,CUST-0664,979
2023-09-07,2023,9,PROD-0033,Product 979,Home,5377.95,17,364.11,4727.17,3599.13,CUST-4037,980
2023-09-08,2023,9,PROD-0204,Product 980,Electronics,7407.7,8,581.9,295.69,1871.11,CUST-1066,981
2023-09-09,2023,9,PROD-0790,Product 981,Sports,9164.37,5,743.13,338.1,2898.85,CUST-3872,982
2023-09-10,2023,9,PROD-0105,Product 982,Food,4951.41,13,53.18,3892.9,2598.73,CUST-1695,983
2023-09-11,2023,9,PROD-0016,Product 983,Sports,4502.09,1,773.0,4010.67,2359.97,CUST-3183,984
2023-09-12,2023,9,PROD-0941,Product 984,Food,2488.69,5,647.23,619.76,-3.98,CUST-4171,985
2023-09-13,2023,9,PROD-0922,Product 985,Electronics,1625.6,9,865.99,548.93,4674.05,CUST-3308,986
2023-09-14,2023,9,PROD-0338,Product 986,Clothing,6197.91,7,400.77,2140.54,1484.9,CUST-1284,987
2023-09-15,2023,9,PROD-0197,Product 987,Clothing,3774.43,17,330.05,4118.49,1200.29,CUST-4847,988
2023-09-16,2023,9,PROD-0379,Product 988,Clothing,9384.91,17,782.54,2747.09,3054.83,CUST-1520,989
2023-09-17,2023,9,PROD-0716,Product 989,Sports,4366.23,15,164.99,4372.55,1656.43,CUST-2049,990
2023-09-18,2023,9,PROD-0762,Product 990,Sports,2427.27,9,226.57,2879.71,3190.09,CUST-1804,991
2023-09-19,2023,9,PROD-0670,Product 991,Sports,6207.75,17,644.05,3076.25,-193.14,CUST-4690,992
2023-09-20,2023,9,PROD-0291,Product 992,Sports,6278.34,10,658.11,3737.37,32.62,CUST-0370,993
2023-09-21,2023,9,PROD-0244,Product 993,Food,5572.69,16,849.2,4761.31,297.71,CUST-0848,994
2023-09-22,2023,9,PROD-0247,Product 994,Home,7205.64,3,952.55,4261.56,2188.58,CUST-4797,995
2023-09-23,2023,9,PROD-0305,Product 995,Home,3169.31,6,539.39,4933.57,2596.46,CUST-3975,996
2023-09-24,2023,9,PROD-0081,Product 996,Clothing,8360.28,3,311.6,3295.45,-124.0,CUST-1498,997
2023-09-25,2023,9,PROD-0014,Product 997,Electronics,7666.61,19,990.24,92.31,1569.27,CUST-0476,998
2023-09-26,2023,9,PROD-0157,Product 998,Electronics,6256.09,8,326.22,2078.71,1596.42,CUST-3902,999
2023-09-27,2023,9,PROD-0945,Product 999,Clothing,8366.79,10,807.34,2628.35,1489.66,CUST-0818,1000
